:020000040800F2
:10000000188D002029030008A15300089B40000818
:10001000F14F00085F06000835920008000000005C
:10002000000000000000000000000000690200085D
:10003000DF07000800000000C5020008655F000837
:100040004303000843030008430300084303000878
:100050004303000843030008430300084303000868
:100060004303000843030008430300084303000858
:100070004303000843030008430300084303000848
:1000800043030008430300084303000885060008F3
:1000900065060008430300087506000843030008CE
:1000A0004303000843030008430300084303000818
:1000B00045600008596000086960000843030008B3
:1000C00043030008430300084303000843030008F8
:1000D00043030008A169000843030008B169000850
:1000E00043030008430300084303000843030008D8
:1000F0004303000889600008430300084303000825
:1001000043030008430300084303000843030008B7
:100110001965000829650008796000084303000894
:100120004303000843030008430300084303000897
:10013000430300084303000843030008B506000812
:100140009506000843030008A5060008A55300080B
:10015000430300084303000843030008C169000883
:100160004303000843030008430300084303000857
:100170004303000843030008430300080000000095
:10018000430300084303000800F002F800F05CF8A5
:100190000AA090E8000C82448344AAF10107DA45E2
:1001A00001D100F051F8AFF2090EBAE80F0013F0D8
:1001B000010F18BFFB1A43F001031847186A01002A
:1001C000386A01000A444FF0000C10F8013B13F0AC
:1001D000070408BF10F8014B1D1108BF10F8015BA0
:1001E000641E05D010F8016B641E01F8016BF9D193
:1001F00013F0080F1EBF10F8014BAD1C0C1B09D1EA
:100200006D1E58BF01F801CBFAD505E014F8016B5B
:1002100001F8016B6D1EF9D59142D6D370470000ED
:100220000023002400250026103A28BF78C1FBD8FF
:10023000520728BF30C148BF0B6070471FB50BF095
:1002400030FE1FBD10B510BD00F0D0F91146FFF70C
:10025000F5FF09F02DFA00F0EEF903B4FFF7F2FF15
:1002600003BC00F0F5F900002C4B19680868B0E8F1
:10027000F04F80F30988BFF36F8F4FF0000080F3D9
:10028000118870470000000008480068006880F38B
:1002900008884FF0000080F3148862B661B6BFF39F
:1002A0004F8FBFF36F8F00DF00BF00BF08ED00E08E
:1002B000DFF80C00016841F470010160704700BF75
:1002C00088ED00E0EFF30980BFF36F8F134B1A68DE
:1002D0001EF0100F08BF20ED108A20E9F04F1060CB
:1002E00009B44FF0500080F31188BFF34F8FBFF374
:1002F0006F8F0AF0F7FC4FF0000080F3118809BC03
:1003000019680868B0E8F04F1EF0100F08BFB0EC95
:10031000108A80F30988BFF36F8F70471C0200209A
:10032000EFF30580704700000948804709480047FF
:10033000FEE7FEE7FEE7FEE7FEE7FEE7FEE7FEE795
:10034000FEE7FEE704480549054A064B70470000F2
:10035000316000088901000818870020188D0020EE
:10036000188900201889002053EA020C00F06980E7
:100370002DE9F04B4FF00006002B1FBFB3FA83F5B9
:1003800003FA05F424FA05F65E4012BF1643B2FAEA
:1003900082F502FA05F4C5F120051EBF22FA05FC1C
:1003A00044EA0C04203556EA044C4FEA144418BFC2
:1003B000641C4FF000084FF00009904271EB030CF1
:1003C00039D3002919BFB1FA81F701FA07F6B0FA5B
:1003D00080F700FA07F6C7F120071EBF20FA07FCD6
:1003E00046EA0C062037B6FBF4FCA7EB0507103FE6
:1003F00007F01F0BCBF120060CFA0BFB2CFA06F6CC
:1004000044BFB3460026202FA4BF5E464FF0000B2A
:100410005BEA060C08BF4FF0010B19EB0B09ABFBB5
:10042000027C48EB0608C01B06FB02CC0BFB03CC8E
:1004300071EB0C01C1E70B46024641464846BDE858
:10044000F08B13B54FF000004FF00001AFF30080C8
:10045000BDE81C407047032A40F2308010F0030CC6
:1004600000F0158011F8013BBCF1020F624498BF07
:1004700011F801CB00F8013B38BF11F8013BA2F1A4
:10048000040298BF00F801CB38BF00F8013B11F01F
:10049000030300F05780083AC0F0088051F8043B8D
:1004A000083A51F804CBA0E80810F5E7121D5CBF2C
:1004B00051F8043B40F8043BAFF30080D20724BF5F
:1004C00011F8013B11F801CB48BF11F8012B24BFF3
:1004D00000F8013B00F801CB48BF00F8012B704742
:1004E00002F0FF0343EA032242EA024200F05EB850
:1004F0004FF0000200B5134694469646203922BFBD
:10050000A0E80C50A0E80C50B1F12001BFF4F7AF07
:10051000090728BFA0E80C5048BF0CC05DF804EBE9
:10052000890028BF40F8042B08BF704748BF20F857
:10053000022B11F0804F18BF00F8012B7047704755
:100540007047704710B5203AC0F00B80B1E81850E2
:10055000203AA0E81850B1E81850A0E81850BFF4AD
:10056000F5AF5FEA027C24BFB1E81850A0E818504C
:1005700044BF18C918C0BDE810405FEA827C24BFA0
:1005800051F8043B40F8043B08BF7047D20728BF2E
:1005900031F8023B48BF11F8012B28BF20F8023B7D
:1005A00048BF00F8012B70474FF000020429C0F04B
:1005B000128010F0030C3FF49DAFCCF1040CBCF1A1
:1005C000020F18BF00F8012BA8BF20F8022BA1EBE7
:1005D0000C01FFF78FBF5FEAC17C24BF00F8012B3D
:1005E00000F8012B48BF00F8012B7047754600F05A
:1005F0002BF8AE4605006946534620F007008546B5
:1006000018B020B5FFF79EFEBDE820404FF0000671
:100610004FF000074FF000084FF0000B21F00701EA
:10062000AC46ACE8C009ACE8C009ACE8C009ACE82D
:10063000C0098D46704710B50446AFF300802046D0
:10064000BDE81040FFF709BE00487047B48600209F
:1006500001491820ABBEFEE726000200704700BF2C
:10066000FEE7000010B5024800F007FC10BD0000D6
:100670009C02002010B5024800F0FFFB10BD0000F6
:100680009C02002010B5024800F0F7FB10BD0000EE
:100690009C02002010B5024800F0EFFB10BD0000E6
:1006A000C402002010B5024800F0E7FB10BD0000B6
:1006B000C402002010B5024800F0DFFB10BD0000AE
:1006C000C40200200346042B15D007DC7BB1012BAC
:1006D0000ED0022B0DD0032B12D10BE0202B0BD010
:1006E000212B0AD0222B09D0232B09D107E008E0C7
:1006F00007E006E005E004E003E002E001E000E0DE
:1007000000BF00BF002070470020704710B50022D6
:100710000449054806F0F5FB0449034806F0E2FBEE
:10072000002010BDDC2E002000220020DC2600204E
:1007300070B504460E46002503E0605D08F06AFFD0
:100740006D1C3068A842F8D82146044806F0CAFB60
:10075000024806F093FB002070BD0000002200203C
:1007600010B503460C460021084610BD00B58BB0FD
:10077000012009900020079001200890002001909E
:100780000290039004900590069001A90C4800F097
:1007900019FA0B4800F0C7FE0221094800F058F989
:1007A0000E200A90069001A9064800F00BFA0548B1
:1007B00000F0B9FE0221034800F04AF90BB000BD79
:1007C0009C020020C402002010B50246012000E077
:1007D00050430B1EA1F10104E1B2F9D110BD7047E5
:1007E00070B506460C46154608480670F3200749C2
:1007F0004870AB2088700846C47005716B20487142
:100800000621024808F052FD70BD00007C1F002048
:100810002DE9F04706460F4615469846DDE9099A48
:10082000089C10480670FD200E49487008468770E5
:100830002812C8700D71084680F80580200E887156
:10084000200CC871200A08724C72084680F80A9081
:1008500080F80BA06B2008730D21024808F026FDDC
:10086000BDE8F0879C1F002010B5044606480470C0
:100870000A20054948706D2088706B20C8700421DB
:10088000014808F013FD10BD4C1D002072B600BFDA
:10089000FEE7000070B50446B3F5804F13D1D1E9EF
:1008A000000540EA05108D6840EA05208D6928435F
:1008B0008D8940EA054054F82250064E35402843C1
:1008C00044F8220003E06FF0704044F8220000205A
:1008D00070BD00000000F0CF70B50246086852F805
:1008E000200020F001000E6842F8260088680828E1
:1008F00001D1402300E00023486818438E6830434C
:10090000CE6830430E6930434E693043CE69304380
:100910000E6A30434E6A30438E6A3043CE6A3043AB
:100920000E6B40EA060488690443C86B0443074D14
:1009300045F4806545F4E025086852F82000A84396
:1009400020430E6842F82600002070BD7FFB08009F
:1009500010B50346D1E9000440EA04108C6840EA6F
:1009600004208C8940EA0444088A401E44EA00546A
:10097000087D801E44EA00608C692043541C43F8C3
:100980002400002010BD000070B50A480468001D56
:100990000568001D0668344454B108220649204603
:1009A00003F090FB042204491031284603F08AFB2F
:1009B00070BD0000107AFF1F4E0100204288428166
:1009C0004A780B7842EA032212B24280CA788B78C6
:1009D00042EA032212B202804A790B7942EA0322E8
:1009E00012B282808A79C280B0F90220B0F90A304E
:1009F000D21AB2F5805F04DD8289521E12B2828162
:100A00000BE0B0F90220B0F90A30D21A12F5805F7B
:100A100003DA8289521C12B28281B0F90230B0F935
:100A20000C2003EB4232B0F90830D21A00EE102A43
:100A3000B8EEC00A80ED040A90ED040ADFED030A67
:100A400080EE201A80ED051A70470000610BB64158
:100A500010B5024692F82030012B01D0022B06D1AE
:100A600010684069084314686061002010BD506A36
:100A700040F4802050620120F8E7F0B504460D46AE
:100A80001E4694F8207020688368A86800B900E0CA
:100A900000BF012F01D0022F7DD103F0806030B95B
:100AA00003F0006018B903F0805000287ED0C3F333
:100AB0000161012088403060A86860B9B5F800C0C5
:100AC000E86840EA4C5C206800F5C07000EB01105B
:100AD000C0F800C00FE0D5E901C040EACC00D5F86D
:100AE0000CC040EA0C00D4F800C00CF5C07C0CEB44
:100AF000011CCCF80000D5F810C0206800F5C070CB
:100B000000EB0110C0F804C0287D01280ED1206838
:100B100000F5C07000EB0110406840F4807C206854
:100B200000F5C07000EB0110C0F804C0D0790006D9
:100B300092F806C040EA0C4092F805C040EA0C204A
:100B400092F804C040EA0C00D4F800C00CF5C07C58
:100B50000CEB011CCCF80C00D078000692F802C017
:100B600040EA0C4092F801C040EA0C2092F800C024
:100B700040EA0C00D4F800C00CF5C07C0CEB011C62
:100B8000CCF80800206800F5C07000EB0110006888
:100B900040F0010C01E00FE008E0206800F5C070B3
:100BA00000EB0110C0F800C00020F0BD606A40F406
:100BB000001060620120F8E7606A40F48020606203
:100BC0000120F2E7F0B504460A4694F82050012DC2
:100BD00001D0022D7ED1424901F50071086840F034
:100BE00001000860086820F47C5008600868566AB4
:100BF00040EA06200860107D00F01F06012000FA80
:100C000006F3C8699843C861A1F50071D069C8B9F5
:100C1000D1F80C029843C1F80C02908880B29689F2
:100C200040EA064601F51070576940F837601088B1
:100C300080B2168940EA064601F51070576900EB4C
:100C4000C7004660D069012819D1D1F80C021843B9
:100C5000C1F80C02908880B2168840EA064601F579
:100C60001070576940F83760908980B2168940EA61
:100C7000064601F51070576900EBC70046609069A1
:100C800028B9D1F804029843C1F8040204E0D1F86D
:100C900004021843C1F80402106928B9D1F81402FB
:100CA0009843C1F8140204E0D1F814021843C1F8C3
:100CB0001402106A012804D1D1F81C021843C1F8AB
:100CC0001C02D1F8000220F00100C1F8000200204F
:100CD000F0BDFFE7606A40F4802060620120F7E722
:100CE00000640040704770B5044694F82050012D10
:100CF00001D0022D7DD151B92068C06800F00300F9
:100D000080B9606A40F400106062012070BD206804
:100D1000006900F0030028B9606A40F400106062C6
:100D20000120F3E7206800F5D87000EB011000689F
:100D300000F004009060906840B9206800F5D87019
:100D400000EB01100068400D106007E0206800F51E
:100D5000D87000EB01100068C0085060206800F5F2
:100D6000D87000EB0110006800F00200D06020682D
:100D700000F5D87000EB0110406800F00F00082863
:100D800002D30820106108E0206800F5D87000EB5D
:100D90000110406800F00F001061206800F5D87065
:100DA00000EB0110406800F47F40000A9061206869
:100DB00000F5D87000EB01104068000C506120680D
:100DC00000F5D87000EB011080681870206800F5FD
:100DD000D87000EB0110806800F47F40000A587062
:100DE000206800F5D87000EB0110806800F47F00E7
:100DF00000E03CE0000C9870206800F5D87000EB33
:100E000001108068000ED870206800F5D87000EBE3
:100E10000110C0681871206800F5D87000EB01104F
:100E2000C06800F47F40000A5871206800F5D8704F
:100E300000EB0110C06800F47F00000C987120687E
:100E400000F5D87000EB0110C068000ED87131B900
:100E50002068C06840F020002668F06005E0206847
:100E6000006940F020002668306100204EE7606A8B
:100E700040F480206062012048E72DE9F05F0446DD
:100E80000025206846692068D0F8049020688768AB
:100E90002068D0F80CA02068D0F810B02068D0F8F6
:100EA000188006F00100002855D007F00100C0B1FD
:100EB00001202168886007F0020018B1204600F088
:100EC00062FB0EE007F0040010B145F4006508E095
:100ED00007F0080010B145F4805502E0204600F00C
:100EE00051FB07F48070C8B14FF4807021688860AE
:100EF00007F4007018B1204600F047FB0EE007F43D
:100F0000806010B145F4005508E007F4006010B1AE
:100F100045F4804502E0204600F036FB07F48030BF
:100F2000C8B14FF480302168886007F4003018B1F0
:100F3000204600F02CFB0EE007F4802010B145F4B1
:100F4000004508E007F4002010B145F4803502E0C8
:100F5000204600F01BFB06F0080038B10AF0100034
:100F600020B145F4007510202168C86006F0040027
:100F700040B10AF0080028B108202168C860204666
:100F800000F02CFA06F0020038B12068C06800F0CA
:100F9000030010B1204600F023FA06F0400038B1FB
:100FA0000BF0100020B145F4806510202168086125
:100FB00006F0200040B10BF0080028B1082021689D
:100FC0000861204600F0ACFA06F0100038B1206845
:100FD000006900F0030010B1204600F0A2FA06F408
:100FE000003040B109F0100028B11020216848609D
:100FF000204600F097FA06F4803040B109F008006E
:1010000028B1082021684860204600F0C1FA06F4A3
:10101000004088B309F0040078B306F4807020B172
:1010200008F0010008B145F0010506F4007020B198
:1010300008F0020008B145F0020506F4806020B116
:1010400008F0040008B145F0040506F40060A0B102
:1010500008F0700088B108F07000402817D006DC56
:1010600010280BD020280CD0302819D10CE05028A3
:1010700010D0602814D110E01DE019E045F00805FB
:101080000FE045F010050CE045F0200509E045F0C3
:10109000400506E045F0800503E045F4807500E07A
:1010A00000BF00BF2068806920F07000216888615F
:1010B0000420216848602DB1606A284360622046A0
:1010C000FFF710FEBDE8F09F70B504460CB9012093
:1010D00070BD94F8200010B9204600F0AFF82068E9
:1010E000006840F001002168086000F023FC05461C
:1010F0000DE000F01FFC401B0A2808D9606A40F48C
:1011000000306062052084F820000120E0E72068BC
:10111000406800F001000028EBD02068006820F053
:1011200002002168086000F005FC05460DE000F0B3
:1011300001FC401B0A2808D9606A40F40030606254
:10114000052084F820000120C2E72068406800F0F4
:1011500002000028EBD1207E012806D1206800681B
:1011600040F080002168086005E02068006820F0F9
:10117000800021680860607E012806D12068006830
:1011800040F040002168086005E02068006820F019
:10119000400021680860A07E012806D12068006810
:1011A00040F020002168086005E02068006820F019
:1011B000200021680860E07E012806D120680068D0
:1011C00020F010002168086005E02068006840F009
:1011D000100021680860207F012806D1206800687F
:1011E00040F008002168086005E02068006820F0F1
:1011F000080021680860607F012806D12068006827
:1012000040F004002168086005E02068006820F0D4
:10121000040021680860D4E90201084321690843F9
:10122000616908436168491E08432168C86100205C
:101230006062012084F82000002049E710B586B0E4
:101240000446142101A8FFF753F95F49206888423A
:1012500052D15E480068401C5C490860084600683E
:1012600001280FD100BF002000905948006840F0CD
:101270000070574908600846006800F00070009050
:1012800000BF00BF00BF0020009051481038006828
:1012900040F002004E49103908600846006800F02E
:1012A0000200009000BF00BF4FF440700190022088
:1012B000029000200390032004900920059001A9CA
:1012C000444800F03DFA00220521132000F0FAFB0B
:1012D000132000F0E3FB00220521142000F0F2FBB4
:1012E000142000F0DBFB00220521162000F0EAFBB1
:1012F000162000F0D3FB65E037492068884261D1B1
:1013000000BF002000903248006840F08060304903
:1013100008600846006800F08060009000BF00BFD1
:101320002A480068401C29490860084600680128CE
:101330000FD100BF002000902548006840F00070E9
:10134000234908600846006800F00070009000BF64
:1013500000BF00BF002000901D481038006840F01A
:1013600002001B49103908600846006800F00200BE
:10137000009000BF00BF4FF4405001900220029047
:1013800000200390032004900920059001A9114832
:1013900000F0D6F9002205213F2000F093FB3F200A
:1013A00000F07CFB00220521402000F08BFB402058
:1013B00000F074FB00220521422000F083FB422054
:1013C00000F06CFB06B010BD00640040140000206B
:1013D00040380240000402400068004070470000AE
:1013E00010B592B004464449206888423ED102AB11
:1013F0000BAA00214148FFF776FC0B98A0F20520CC
:10140000082831D2DFE800F00405060708090A0BB6
:1014100000BF00BF00BF00BF00BF00BF00BF0B98F0
:10142000401F37490870097801EB4101354A02EB4A
:10143000C10002A9FFF7C2FA334831490978405C7C
:1014400088B92F49097801EB41012E4A02EBC1000E
:1014500007F0F2FF2C482A490978405C401C2A49D1
:10146000274A1278885400E000BF00BF274920684F
:1014700088423FD16B4604AA00212548FFF733FC80
:101480000498A0F20120082832D2DFE800F0040519
:10149000060708090A0B00BF00BF00BF00BF00BF5E
:1014A00000BF00BF0498401E1A490870097801EB7C
:1014B0004101194A02EBC1006946FFF77FFA17485C
:1014C00014490978405C90B91249097801EB41014F
:1014D000114A02EBC10007F0AFFF10480D4909782F
:1014E000405C401CC1B20D480A4A1278815400E0A9
:1014F00000BF00BF12B010BD006400409C0200207D
:10150000340000200C060020350000200068004058
:10151000C40200203D000020CC0600203E00002038
:1015200070477047704770B5044694F82000012852
:1015300022D1022084F820002068006820F00100F9
:101540002168086000F0F6F905460DE000F0F2F9B8
:10155000401B0A2808D9606A40F400306062052008
:1015600084F82000012070BD2068406800F0010070
:101570000028EBD16062F6E7606A40F40020606208
:101580000120F0E770477047704770477047704719
:10159000704770B50446A56D00F0CCF9064694F886
:1015A0003500022808D08020606500BF002084F844
:1015B000340000BF012070BD2068006820F01600D4
:1015C000216808602068406920F080002168486137
:1015D000206C08B9A06C28B12068006820F00800D1
:1015E000216808602068006820F001002168086018
:1015F00010E000F09FF9801B05280BD920206065C2
:10160000032084F8350000BF002084F8340000BFB8
:101610000320D0E72068006800F001000028E8D12E
:1016200094F85C103F208840A860012084F83500C1
:1016300000BF002084F8340000BF00BFBBE70146B4
:1016400091F83500022803D08020486501207047BA
:10165000052081F835000868006820F001000A685C
:1016600010600020F3E7000070B5044600F062F956
:1016700006462546681C10B104480078054400BFA2
:1016800000F058F9801BA842FAD370BD84010020F5
:1016900000B587B0142102A8FEF72AFF234800688E
:1016A00008B107B000BD01202049086000BF00203C
:1016B00001901F48006840F001001D49086008467D
:1016C000006800F00100019000BF00BF4FF680707D
:1016D00002900220039000200490032005900C202B
:1016E000069002A9134800F02BF84CF233700290D8
:1016F0000220039000200490032005900C20069007
:1017000002A90D4800F01CF841F2040002900220EA
:10171000039000200490032005900C20069002A95D
:10172000064800F00DF800BFBBE7000018000020DD
:101730003838024000100240000C024000180240FD
:10174000F8B502460B460025002400200021D6E013
:10175000012606FA01F51E6806EA0504AC4274D1BA
:101760001E7906F00306012E04D01E7906F003064A
:10177000022E13D190684F000326BE40B0434F00A5
:10178000DE68BE4030439060506801268E40B04312
:101790001E79C6F300168E40304350601E7906F065
:1017A0000306032E09D0D0684F000326BE40B04385
:1017B0004F009E68BE403043D0601E7906F003069D
:1017C000022E13D1CF0802F1200656F827004E074B
:1017D000F70E0F26BE40B0434F07FF0E1E69BE40F6
:1017E0003043CF0802F1200646F8270010684F006A
:1017F0000326BE40B0431E7906F003064F00BE40EC
:10180000304310605E6806F44036002E76D000BF8C
:10181000002600963C4E366846F480463A4F3E60BD
:101820003E46366806F48046009600BF00BF374E3D
:101830008F0856F827008E07370F0F26BE40B0439B
:10184000334EB24202D1002624E057E0314EB2427C
:1018500001D101261EE0304EB24201D1022619E02C
:101860002E4EB24201D1032614E02D4EB24201D1D8
:1018700004260FE02B4EB24201D105260AE02A4E83
:10188000B24201D1062605E0284EB24201D1072618
:1018900000E008268F073F0FBE4030431B4E8F08E5
:1018A00046F82700224E3068A0435E6806F4801692
:1018B00006B120431E4E3060361D3068A0435E687E
:1018C00006F4001606B12043194E361D3060184E3E
:1018D000361F3068A0435E6806F4003606B1204328
:1018E000134E361F3060361F3068A0435E6806F422
:1018F000803606B120430E4E083E3060491C102948
:10190000FFF426AFF8BD000044380240083801401B
:10191000000002400004024000080240000C0240A7
:10192000001002400014024000180240001C024057
:10193000083C014001480068704700007C0100201D
:101940000348006803490978084401490860704762
:101950007C0100208401002010B50D48006840F48F
:1019600000700B4908600846006840F48060086019
:101970000846006840F480700860032000F0E0F83A
:101980000F2000F007F800F05FF8002010BD000005
:10199000003C02402DE9F04188B004460027B846DB
:1019A00000BF002001902348006840F0100021494A
:1019B00008600846006800F01000019000BF00BFFA
:1019C00002A903A801F064F8069F1FB901F088F886
:1019D000054602E001F084F845001748B5FBF0F039
:1019E000A0F1010815481649086040F2E731144893
:1019F000C160C0F80480002101618160816101F053
:101A0000C5FB064696B90E4801F072FC06466EB953
:101A1000362000F043F8102C07D200222146362051
:101A200000F050F80748046000E00126304608B096
:101A3000BDE8F0814038024040420F0000100040F5
:101A4000C40500208001002008B500BF00200090E0
:101A50001148006840F480400F490860084600685B
:101A600000F48040009000BF00BF00BF0020009045
:101A7000081F006840F08050091F08600846006891
:101A800000F08050009000BF00BF00220F21901E88
:101A900000F018F808BD000044380240014608462E
:101AA00000280DDB00BF00BF00F01F0301229A4099
:101AB00043099B0003F1E023C3F8002100BF00BFEE
:101AC00000BF70472DE9F05F80460D46164600279F
:101AD00007F0C2FB074639462A46334601F00700A5
:101AE000C0F1070ABAF1040F02D94FF0040A01E06D
:101AF000C0F1070AD14600F1040ABAF1070F02D279
:101B00004FF0000A01E0A0F1030AD4464FF0010AA9
:101B10000AFA09FAAAF1010A0AEA020A0AFA0CFA0E
:101B20004FF0010B0BFA0CFBABF1010B0BEA030BB3
:101B30004AEA0B042146404607F096FBBDE8F09FB9
:101B400000BF00F00702064B19684FF6FF0319406B
:101B5000044B0B4343EA0221014B196000BF70475D
:101B60000CED00E00000FA05704702461068416283
:101B700000207047F0B5034615461868446A21B93D
:101B800044EA05401E68B06219E01868806A04EBF8
:101B90001044002208E0186800F5827050F8220016
:101BA00004EB1044501CC2B2481E9042F3D844EAE1
:101BB0000547186800F582704E1E40F82670002018
:101BC000F0BD10B50446D4F8E00405F09CFE10BD4D
:101BD00070B504460D4605EBC50304F1140101EB95
:101BE0008301CA682946D4F8E00405F07FFD70BD82
:101BF00070B504460D4605EBC50304F5157101EB00
:101C00008301CA682946D4F8E00405F0F7FD70BDE9
:101C100010B50446D4F8E00405F078FE10BD2DE9B7
:101C2000F04104460D4605F08000802808D105F0FB
:101C30000F0000EBC00104F1140000EB810607E087
:101C400005F00F0000EBC00104F5157000EB8106F4
:101C50003146206807F0B0F807463846BDE8F08105
:101C600070B504460E4606F0800080280AD106F0C2
:101C70000F0000EBC00104F1140000EB810501200E
:101C8000687009E006F00F0000EBC00104F5157064
:101C900000EB81050020687006F00F00287000BF7F
:101CA00094F89404012801D1022070BD012084F829
:101CB000940400BF2946206806F00CFC00BF0020F9
:101CC00084F8940400BF00BFEFE770B504460E46E9
:101CD00006F00F002179884201D9012070BD06F07D
:101CE000800080280AD106F00F0000EBC00104F14B
:101CF000140000EB81050120687009E006F00F0078
:101D000000EBC00104F5157000EB81050020687040
:101D10000020A87006F00F00287000BF94F894040B
:101D2000012801D10220D9E7012084F8940400BFE2
:101D30002946206806F0CCFD00BF002084F89404FA
:101D400000BF00BFCAE7024601F00F0000EBC0036E
:101D500002F5157000EB8300406970472DE9F047EC
:101D600005460E4690461F464FF0000906F08000DB
:101D700080280AD106F00F0000EBC00105F1140025
:101D800000EB81040120607009E006F00F0000EB19
:101D9000C00105F5157000EB81040020607006F0AD
:101DA0000F002070C8F30A00A0602771607808B1A6
:101DB00020786083022F01D10020607100BF95F868
:101DC0009404012802D10220BDE8F087012085F8A3
:101DD000940400BF2146286806F088FA00BF00205E
:101DE00085F8940400BF4846EEE72DE9F04105462A
:101DF0000E461746984606F00F0000EBC00105F5A9
:101E0000157000EB8104E760C4F810800020606169
:101E1000607006F00F002070A879012800D1E761FA
:101E2000AA792146286806F0E7FD0020BDE8F08188
:101E300070B504460D4605F00F002179884201D99E
:101E4000012070BD05F0800080280AD105F00F0048
:101E500000EBC00104F1140000EB8106012070705A
:101E600007E005EBC50104F5157000EB81060020C5
:101E700070700120B07005F00F00307000BF94F852
:101E80009404012801D10220DBE7012084F89404A6
:101E900000BF3146206806F062FD05F00F0028B94A
:101EA000A17904F29C42206806F0DAFC00BF002011
:101EB00084F8940400BF00BFC3E72DE9F041054654
:101EC0000E461746984606F00F0000EBC00105F1DC
:101ED000140000EB8104E760C4F81080002060610A
:101EE0000120607006F00F002070A879012800D151
:101EF000E761AA792146286806F07EFD0020BDE84A
:101F0000F0812DE9FE4F0446D4F800B05E4620680B
:101F100007F034F8002874D1206807F06EF808B98B
:101F2000BDE8FE8F40F608008059C0F30D20C4F8CC
:101F3000D404206807F061F800F00200022805D1FF
:101F40002068406900F0020021684861206807F0BD
:101F500054F800F01000102845D12068806920F066
:101F6000100021688861DBF8209009F00F0000EB79
:101F7000C00104F5157000EB810AC9F34340022843
:101F80001AD147F6F07009EA000030B3C9F30A121B
:101F90005846DAF80C1007F035F8C9F30A11DAF8E8
:101FA0000C000844CAF80C00C9F30A11DAF814004E
:101FB0000844CAF8140010E0C9F3434006280CD1C5
:101FC000082204F29C41584607F01CF8C9F30A1194
:101FD000DAF814000844CAF814002068806940F058
:101FE000100021688861206807F007F800F40020DD
:101FF000B0F5002F7BD10025206806F0CEFF0290BF
:1020000072E0E1E2029800F00100002868D0E9B235
:10201000206806F0E5FF804608F0010048B1012184
:1020200006F5306000EB451081602946204603F03C
:10203000F3F908F00800082809D1082106F53060F6
:1020400000EB451081602946204603F0B3F908F003
:102050001000102805D1102106F5306000EB451066
:10206000816008F00200022824D1DBF8140000F09F
:102070008000802807D140F60400805940F4806138
:1020800040F60400815105EBC50104F5157000EB25
:10209000810A9AF80300012806D100208AF803007B
:1020A000E9B2204600F09BFA022106F5306000EB11
:1020B0004510816008F02000202805D1202106F578
:1020C000306000EB4510816008F40050B0F5005F0F
:1020D00006D14FF4005106F5306000EB45108160E9
:1020E0006D1C029840080290029800288AD120684E
:1020F00006F083FF00F48020B0F5802F7DD12068AA
:1021000006F041FF029000259AE0029800F00100DD
:10211000002873D0E9B2206806F049FF804608F035
:102120000100F0B305F00F0101208840019040F656
:1021300034008159019821EA000040F634018851A9
:10214000012106F5106000EB45108160A07901289F
:1021500024D105EBC50104F1140000EB810005EB6F
:10216000C502C16804F1140000EB820080680144DC
:1021700005EBC50204F1140000EB8200C1606DB9EB
:1021800005EBC50104F1140000EB8100006928B9DA
:1021900004F29C420121206806F062FBE9B220466D
:1021A00000E001E0FFF714FD08F00800082805D161
:1021B000082106F5106000EB4510816008F0100062
:1021C000102805D1102106F5106000EB4510816044
:1021D00008F04000402805D1402106F5106000EBD2
:1021E0004510816008F0020002281DD1294658469A
:1021F00006F087FE05EBC50101E025E01CE004F1D7
:10220000140000EB810A9AF80300012806D100208F
:102210008AF80300E9B2204600F0D8F9022106F559
:10222000106000EB4510816008F08000802803D129
:102230002946204603F092F96D1C0298400802904E
:10224000029800287FF461AF206806F0D6FE00F007
:102250000040B0F1004F1CD140F60400805920F03E
:10226000010140F60400815194F8CC04012807D103
:10227000002084F8CC0400212046FFF775FC02E022
:10228000204600F0D1FA2068406900F00040216843
:102290004861206806F0B1FE00F40060B0F5006F00
:1022A0000ED140F60800805900F0010010B1204620
:1022B00000F012FB2068406900F40060216848616A
:1022C000206806F09AFE00F48050B0F5805F7ED161
:1022D00040F60400805920F0010140F604008151CD
:1022E0001021206806F00DFE002732E04FF67F3106
:1022F00006F5106000EB4710816006F5106000EBFA
:102300004710006820F4001106F5106000EB47103C
:1023100001604FF67F3106F5306000EB47108160B9
:1023200006F5306000EB4710006820F4001106F558
:10233000306000EB4710016006F5306000EB47109D
:10234000006840F0006106F5306000EB4710016066
:102350007F1C2079B842C9D840F61C00805940F053
:10236000011140F61C008151E07B70B1D6F8840861
:1023700040F00B01C6F8841840F64400805940F044
:102380000B0140F6440081510FE040F614008059E3
:1023900042F22B01084340F614018851081F80596E
:1023A00040F00B014FF401608151D6F8000820F491
:1023B000FE60C6F80008A17904F29C42206806F08D
:1023C0004FFA2068406900F48050216800E000E086
:1023D0004861206806F011FE00F40050B0F5005F7F
:1023E00017D1206805F0EAFF206806F0B4FDE0711F
:1023F00000F070FB0090E2792068009906F084FEFE
:10240000204600F0F9F92068406900F40050216886
:102410004861206806F0F1FD00F00800082808D1A6
:10242000204600F008FA2068406900F008002168A2
:102430004861206806F0E1FD00F08000802818D196
:10244000DBF8180020F08000CBF8180001250DE023
:1024500005EBC50104F5157000EB8100C07801287B
:1024600003D1E9B22046FFF7DAFB6D1C2079A842C0
:10247000EED8206806F0C1FD00F48010B0F5801F92
:102480002DD1012522E006F5106000EB4510D0F8B3
:10249000009005EBC50104F1140000EB8100007908
:1024A000012812D109F00040B0F1004F0DD10121F7
:1024B00005EBC50204F1140000EB8200C170E8B224
:1024C00040F080012046FFF7AAFB6D1C2079A8424E
:1024D000D9D82068406900F48010216848612068DC
:1024E00006F08BFD00F40010B0F5001F44D101256B
:1024F00038E006F5306000EB4510D0F8009005EBB1
:10250000C50104F5157000EB81000079012828D180
:1025100009F00040B0F1004F23D194F8D40400F04A
:102520000100C9F3004188421BD1012105EBC5021E
:1025300004F5157000EB8200C170DBF8180040F064
:102540008000CBF81800DBF8140000F0800040B9E0
:1025500040F60400805940F4007140F604008151B7
:1025600003E06D1C2079A842C3D800BF20684069F1
:1025700000F4001021684861206806F03EFD00F07C
:102580008040B0F1804F08D12046FFF71AFB206849
:10259000406900F0804021684861206806F02DFD08
:1025A00000F0040004280FD12068D0F8049009F04E
:1025B0000400042802D12046FFF72AFB2068406867
:1025C00040EA09002168486000BFA9E470B50446EC
:1025D0000D462946D4F8E00405F004FA70BD70B544
:1025E00004460D462946D4F8E00405F01FFA70BDF4
:1025F000F8B504460CB90120F8BD266894F8950496
:1026000028B9002084F89404204600F0A1F80320A3
:1026100084F89504B6F1A04F01D10021A171206882
:1026200006F016F9207C8DF8000094E80F0005F004
:10263000D9FE20B1022084F895040120DCE70021B6
:10264000206806F00FFD20B1022084F895040120D7
:10265000D2E7002531E0012105EBC50204F11400A9
:1026600000EB8200417005EBC50104F1140000F895
:10267000215005EBC50100EB81004583002105EBEE
:10268000C50204F1140000EB8200017105EBC502E4
:1026900004F1140000EB8200816005EBC50204F137
:1026A000140000EB8200C16005EBC50204F11400C8
:1026B00000EB82000161681CC5B22079A842CADC27
:1026C00000252AE0002105EBC50204F5157000EB9A
:1026D0008200417005EBC50104F5157000F821502A
:1026E000002105EBC50200EB8200017105EBC5027C
:1026F00004F5157000EB8200816005EBC50204F55E
:10270000157000EB8200C16005EBC50204F5157081
:1027100000EB82000161681CC5B22079A842D1DCBF
:10272000207C8DF8000094E80F0005F09DFF20B19B
:10273000022084F8950401205EE7002060740120E7
:1027400084F89504206805F07DFF002054E7000020
:1027500010B586B00446142101A8FDF7C9FE206813
:10276000B0F1A04F42D100BF002000902048006887
:1027700040F001001E4908600846006800F00100B2
:10278000009000BF00BF4FF4C050019002200290A3
:1027900000200390032004900A20059001A9154809
:1027A000FEF7CEFF00BF1248001D006840F0800019
:1027B0000F49091D086000BF002000900C4814302C
:1027C000006840F480400A491431086008460068F7
:1027D00000F48040009000BF00BF00BF0022052130
:1027E0004320FFF76FF94320FFF758F906B010BDFB
:1027F000303802400000024070B504460125E079FF
:1028000008B9002506E0E079022801D1012501E0A0
:10281000FEF73CF82946D4F8E00405F0B1F9D4F805
:10282000E00405F057F970BD10B50446D4F8E00493
:1028300005F087F910BD10B50446D4F8E00405F0A2
:102840008BF910BD70B504460D4600BF94F8940492
:10285000012801D1022070BD012084F8940400BF3A
:1028600065742946206806F031FC00BF002084F81A
:10287000940400BF00BFEEE710B5044604F29C418B
:10288000D4F8E00405F093F910BD70B5044625684E
:1028900000BF94F89404012801D1022070BD0120EA
:1028A00084F8940400BFE86800F0400030B1607B19
:1028B000012803D1A86B40F48030A863206806F09B
:1028C000F1FA206805F0ACFE00BF002084F8940403
:1028D00000BF00BFE2E7000010B50446D4F8E004F2
:1028E00005F0C2F92068D0F8000E40F00100216820
:1028F000C1F8000EE07A28B10348006840F00600F5
:102900000149086010BD000010ED00E070B50446FC
:102910000D460CB9012070BD5848006800F0070052
:10292000A84209D255490D700846006800F007001A
:10293000A84201D00120EEE7207800F00200022832
:102940001DD1207800F00400042805D14C4800680F
:1029500040F4E0504A490860207800F00800082858
:1029600005D14748006840F4604045490860444844
:10297000006820F0F000A168084341490860207811
:1029800000F00100A8B36068012807D13C4808386E
:102990000068C0F34040B8B90120BCE76068022875
:1029A00002D06068032807D1354808380068C0F3B2
:1029B000406048B90120AEE7314808380068C0F3EC
:1029C000400008B90120A6E72D48006820F0030068
:1029D000616808432A490860FEF7ACFF064609E033
:1029E000FEF7A8FF801B41F28831884202D90320FC
:1029F00091E707E02248006800F00C006168B0EB46
:102A0000810FEDD11D48006800F00700A84209D9E8
:102A10001A490D700846006800F00700A84201D06E
:102A2000012078E7207800F00400042807D114483A
:102A3000006820F4E050E1680843114908602078FC
:102A400000F00800082808D10D48006820F4604014
:102A5000216940EAC1000A49086000F061F80849AC
:102A60000968C1F30311074A515CC8400649086070
:102A700006480068FEF78EFF00204CE7003C02404D
:102A800008380240846B0108880100208001002082
:102A90000F2202600D4A126802F0030242600B4AE4
:102AA000126802F0F0028260084A126802F4E052F2
:102AB000C260064A126802F46042D2080261044A07
:102AC000126802F007020A607047000008380240EE
:102AD000003C024001480068704700008801002067
:102AE00000B5FFF7F7FF04490968C1F38221034AE3
:102AF000515CC84000BD000008380240946B0108DA
:102B000000B5FFF7E7FF04490968C1F34231034A02
:102B1000515CC84000BD000008380240946B0108B9
:102B20002DE9F047002400250026A146254800682D
:102B300000F00C0020B1042805D008283AD105E0A7
:102B4000DFF8849039E0DFF8849036E01D48001FFC
:102B5000006800F03F041B48001F006800F480007C
:102B600078B11A481749091F0968C1F38811A0FBF9
:102B700001700146224600233846FDF7F5FB054665
:102B80000EE011480F49091F0968C1F38811A0FB25
:102B900001700146224600233846FDF7E5FB054655
:102BA0000848001F0068C0F30140401C4600B5FB08
:102BB000F6F902E0DFF8109000BF00BF4846BDE81C
:102BC000F0870000083802400024F40000127A0068
:102BD000F8B504460CB90120F8BD207800F00100DA
:102BE000002874D0F948006800F00C0004280DD0CB
:102BF000F648006800F00C00082813D1F348001FC5
:102C0000006800F48000B0F5800F0BD1EF48083861
:102C10000068C0F34040002859D06068002856D1B1
:102C20000120D9E700BF6068B0F5803F08D1E748D0
:102C30000838006840F48030E449083908601EE034
:102C40006068B0F5A02F0DD1E0480838006840F466
:102C50008020DE49083908600846006840F480306A
:102C600008600CE0D9480838006820F48030D74963
:102C7000083908600846006820F48020086000BF1A
:102C8000606890B1FEF756FE054606E0FEF752FE7C
:102C9000401B642801D903209EE7CC48083800680F
:102CA000C0F340400028F1D011E0FEF743FE054696
:102CB00006E0FEF73FFE401B642801D903208BE7A6
:102CC000C24808380068C0F340400028F1D120789D
:102CD00000F0020002285FD1BC48006800F00C0040
:102CE00058B1BA48006800F00C0008281CD1B74859
:102CF000001F006800F48000B0B9B44808380068CC
:102D0000C0F3400020B1E068012801D0012063E752
:102D1000AE480838006820F0F800216940EAC10098
:102D2000AA490839086037E0E06800B30120A849E3
:102D30000860FEF7FFFD054606E0FEF7FBFD401BC1
:102D4000022801D9032047E7A04808380068C0F3EB
:102D500040000028F1D09D480838006820F0F800B5
:102D6000216940EAC10099490839086014E000204F
:102D700097490860FEF7DEFD054606E0FEF7DAFD3E
:102D8000401B022801D9032026E790480838006834
:102D9000C0F340000028F1D1207800F00800082896
:102DA0002CD16069A8B101208A490860FEF7C2FDF4
:102DB000054606E0FEF7BEFD401B022801D90320B0
:102DC0000AE782486C300068C0F340000028F1D068
:102DD00014E000207F490860FEF7ACFD054606E0E0
:102DE000FEF7A8FD401B022801D90320F4E677482E
:102DF0006C300068C0F340000028F1D1207800F06A
:102E00000400042870D1002770483830006800F0B2
:102E1000805090B900BF002000906C4838300068A6
:102E200040F080506949383108600846006800F079
:102E30008050009000BF00BF01276748006800F481
:102E40008070B0B96448006840F4807062490860DE
:102E5000FEF770FD054606E0FEF76CFD401B0228FC
:102E600001D90320B8E65C48006800F480700028AF
:102E7000F2D000BFA068012808D15448683000682B
:102E800040F001005149683108601DE0A068052844
:102E90000DD14E486830006840F004004B4968315D
:102EA00008600846006840F0010008600CE04748F0
:102EB0006830006820F00100444968310860084625
:102EC000006820F00400086000BFA068A8B1FEF709
:102ED00031FD054609E0FEF72DFD401B41F288312A
:102EE000884202D9032077E626E038486830006837
:102EF000C0F340000028EED013E0FEF71BFD0546AE
:102F000008E0FEF717FD401B41F28831884201D9E5
:102F1000032061E62D4868300068C0F340000028B7
:102F2000EFD1012F07D129483830006820F08050B8
:102F300026493831086000BFA069002845D02348E1
:102F4000006800F00C0008285DD0A069022845D177
:102F500000201F490866FEF7EDFC054606E0FEF777
:102F6000E9FC401B022801D9032035E61748083840
:102F70000068C0F340600028F1D1D4E9070108439C
:102F8000616A40EA81110122A06AC2EB500041EA65
:102F900000412C20005D41EA00600C49091F0860D7
:102FA00001200B490866FEF7C5FC054606E0FEF762
:102FB000C1FC401B022801D903200DE60348083854
:102FC0000068C0F340600028F1D049E008380240B2
:102FD00000004742800E4742007000400020214917
:102FE0000866FEF7A7FC054606E0FEF7A3FC401BBB
:102FF000022801D90320EFE51B480068C0F34060B8
:103000000028F2D12CE0A069012800D1E4E516489F
:10301000001D0668A069012820D006F48001E0693F
:1030200081421BD106F03F01206A814216D147F64A
:10303000C0703040616AB0EB811F0FD106F440319F
:103040000122A06AC2EB5000B1EB004F06D106F09E
:1030500070612C20005DB1EB006F01D00120BBE559
:103060000020B9E5000047420038024070B5044630
:103070000E4615460CB9012070BD94F8490028B9D8
:10308000002084F84800204600F01FF804F10801F1
:103090002068FDF721FC3146A2682068FDF758FC46
:1030A0002946236BD4E90102FDF7F4FBA1682068EF
:1030B00050F8210040F00100A268216841F8220088
:1030C000012084F849000020D6E710B50446FEF739
:1030D000DFFA10BD7047704730B502460B4600BF9F
:1030E00092F83C00012801D1022030BD012082F875
:1030F0003C0000BF022082F83D0010684468106860
:10310000816824F070041868044310684460184D06
:103110001068A8421BD01068B0F1804F17D0154D31
:103120001068A84213D0144D1068A8420FD0134D58
:103130001068A8420BD0124D1068A84207D0114D5C
:103140001068A84203D0104D1068A84205D121F0A4
:1031500080015868014310688160012082F83D00B9
:1031600000BF002082F83C0000BF00BFBDE70000A8
:10317000000001400004004000080040000C004036
:1031800000040140004001400018004010B5044612
:103190000CB9012010BD94F83D0028B9002084F836
:1031A0003C00204600F026F8022084F83D00211D56
:1031B000206802F071FF012084F8460000BF84F807
:1031C0003E0001213F20015540200155412001557D
:1031D00000BF00BF012084F8420043200155442075
:1031E00001554520015500BF012084F83D00002015
:1031F000D0E7000038B504462068B0F1804F18D100
:1032000000BF002000903648006840F001003449BB
:1032100008600846006800F00100009000BF00BF91
:10322000002205211C20FEF74DFC1C20FEF736FC79
:1032300055E02C492068884218D100BF002000903A
:103240002748006840F002002549086008460068E9
:1032500000F00200009000BF00BF002205211D20E9
:10326000FEF730FC1D20FEF719FC38E01E492068EF
:10327000884218D100BF002000901948006840F033
:103280000400174908600846006800F00400009038
:1032900000BF00BF002205211E20FEF713FC1E20E8
:1032A000FEF7FCFB1BE011492068884217D100BFE4
:1032B000002000900A48006840F4807008490860C7
:1032C0000846006800F48070009000BF00BF002234
:1032D00005212D20FEF7F6FB2D20FEF7DFFB38BD84
:1032E0004038024000040040000800400020004038
:1032F000014691F83D00012801D0012070470220CD
:1033000081F83D000868C06840F001000B68D86093
:103310001A4B086898421BD00868B0F1804F17D04C
:10332000174B0868984213D0164B086898420FD084
:10333000154B086898420BD0144B0868984207D088
:10334000134B0868984203D0124B086898420CD17E
:103350000868806800F00702062A0CD00868006838
:1033600040F001000B68186005E00868006840F054
:1033700001000B6818600020C0E700000000014059
:103380000004004000080040000C00400004014020
:1033900000400140001800402DE9F04104460D4670
:1033A000002700BF94F83C00012802D10220BDE8AC
:1033B000F081012084F83C0000BF022084F83D0029
:1033C0002068866826F0770626F47F4620688660A7
:1033D0002868502833D00CDC202850D004DC00288A
:1033E0004BD0102851D149E0302849D040284CD149
:1033F00039E060282DD0702807D0B0F5805F03D069
:10340000B0F5005F41D10DE041E0D5E902136A68F3
:10341000206802F0C2FE2068866846F077062068C1
:10342000866034E0D5E902136A68206802F0B5FED0
:103430002068806840F480402168886027E0EA685E
:103440006968206802F09AFF5021206802F0B0FEFF
:103450001DE0EA686968206802F0A3FF6021206827
:1034600002F0A6FE13E0EA686968206802F086FFB1
:103470004021206802F09CFE09E000BF00BF00BFB1
:103480002968206802F094FE01E0012700BF00BF18
:10349000012084F83D0000BF002084F83C0000BFFC
:1034A000384684E7704770B504462068C5682068D0
:1034B000066906F00200022819D105F00200022870
:1034C00015D1401F2168086101202077206880699C
:1034D00000F0030018B12046FFF7E4FF05E02046A6
:1034E00000F0C6F8204600F07AF90020207706F0B8
:1034F0000400042819D105F00400042815D1C043A4
:1035000021680861022020772068806900F44070FB
:1035100018B12046FFF7C6FF05E0204600F0A8F8E6
:10352000204600F05CF90020207706F0080008280B
:1035300019D105F00800082815D1C0432168086199
:10354000042020772068C06900F0030018B12046ED
:10355000FFF7A8FF05E0204600F08AF8204600F0BB
:103560003EF90020207706F01000102819D105F050
:103570001000102815D1C043216808610820207769
:103580002068C06900F4407018B12046FFF78AFF38
:1035900005E0204600F06CF8204600F020F90020FD
:1035A000207706F0010048B105F0010030B16FF05E
:1035B000010021680861204600F098F906F08000BB
:1035C000802809D105F08000802805D1C0432168FA
:1035D00008612046FFF77EFD06F04000402809D133
:1035E00005F04000402805D1C0432168086120460D
:1035F00000F08AF906F02000202809D105F020000B
:10360000202805D1C043216808612046FFF763FDEB
:1036100070BD000010B586B00446142101A8FCF767
:1036200067FF2068B0F1804F1CD100BF00200090E0
:103630000D48006840F001000B490860084600682A
:1036400000F00100009000BF00BF0F200190022099
:1036500002900020039004900120059001A90348E6
:10366000FEF76EF806B010BD303802400000024090
:1036700070472DE9F04104460D461646002700BF6D
:1036800094F83C00012802D10220BDE8F08101201D
:1036900084F83C0000BF36B1042E1BD0082E31D078
:1036A0000C2E5ED145E02946206802F08BFD206893
:1036B000806940F00800216888612068806920F0F6
:1036C00004002168886120688069296908432168AD
:1036D000886148E02946206802F0ACFD20688069D6
:1036E00040F40060216888612068806920F480606F
:1036F0002168886120688069296940EA0120216881
:10370000886130E02946206802F0D2FD2068C06957
:1037100040F008002168C8612068C06920F00400FA
:103720002168C8612068C069296908432168C861A7
:1037300019E02946206802F0F7FD2068C06940F4CE
:1037400000602168C8612068C06920F48060216839
:10375000C8612068C069296940EA01202168C86100
:1037600001E0012700BF00BF00BF002084F83C003B
:1037700000BF384689E710B504460CB9012010BDDA
:1037800094F83D0028B9002084F83C00204600F061
:1037900025F8022084F83D00211D206802F07CFC01
:1037A000012084F8460000BF84F83E0001213F203C
:1037B0000155402001554120015500BF00BF0120A7
:1037C00084F842004320015544200155452001550D
:1037D00000BF012084F83D000020D0E7704770470B
:1037E00070B504460D4615B994F83E000BE0042D63
:1037F00002D13F20005D06E0082D02D14020005D8F
:1038000001E04120005D012801D0012070BD1DB9FB
:10381000022084F83E000EE0042D03D102213F2057
:10382000015508E0082D03D102214020015502E096
:1038300002214120015501222946206802F09CFC0A
:1038400023492068884203D022492068884201D158
:10385000012000E0002028B12068406C40F40040C6
:10386000216848641A49206888421BD02068B0F15A
:10387000804F17D018492068884213D01749206814
:1038800088420FD01649206888420BD01149206821
:10389000884207D013492068884203D01249206823
:1038A00088420CD12068806800F00706062E0CD0F4
:1038B0002068006840F001002168086005E0206889
:1038C000006840F001002168086000209EE70000C9
:1038D00000000140000401400004004000080040D6
:1038E000000C0040004001400018004010B50446A4
:1038F00004492068884201D1FEF722F8204601F0F1
:103900003DFD10BD0010004070477047704700003B
:103910002DE9F84F0446206805682068C6682068CD
:1039200047694FF00009CA4605F00F09B9F1000FC9
:103930000AD105F0200038B106F0200020B1204661
:1039400002F049FEBDE8F88FB9F1000F7CD007F016
:10395000010018B906F49070002875D005F0010038
:1039600030B106F4807018B1606C40F00100606402
:1039700005F0040030B107F0010018B1606C40F0B0
:103980000200606405F0020030B107F0010018B1D8
:10399000606C40F00400606405F0080048B106F077
:1039A000200010B907F0010018B1606C40F0080069
:1039B0006064606C002846D005F0200028B106F055
:1039C000200010B1204602F006FE20684069C0F3D6
:1039D000801A606C00F0080010B9BAF1000F2DD009
:1039E000204602F0B2FD2068406900F04000402807
:1039F00020D100BF00BF2168143151E8001F21F021
:103A000040002168143141E80002002AF3D100BFD0
:103A1000E06B50B17F48E16B0865E06BFDF70FFE8E
:103A200088B1E06B016D88470DE02046FFF76EFF1F
:103A300009E009E02046FFF769FF04E02046FFF7B0
:103A400065FF002060647DE7206B012878D105F0D8
:103A50001000002874D006F010000028FAD000BF33
:103A60000020009020680068009020684068009066
:103A700000BF00BF2068406900F04000402870D1BE
:103A8000E06B006840681FFA80F8B8F1000F58D06A
:103A9000A08D404555DDA4F82E80E06BC069B0F5DF
:103AA000807F43D000BF00BF21680C3151E8001F68
:103AB00021F4807021680C3141E80002002AF3D122
:103AC00000BF00BF00BF2168143151E8001F21F082
:103AD00001002168143141E80002002AF3D100BF3F
:103AE00000BF00BF2168143151E8001F21F04000E1
:103AF0002168143141E80002002AF3D100BF2020E0
:103B000084F842000020206300BF00BF21680C3110
:103B100051E8001F21F0100021680C3141E800023B
:103B2000002AF3D100BFE06BFDF733FD0220606394
:103B3000A08DE28D801A81B22046FFF7E6FE0EE0EE
:103B400052E0A08D40450AD1E06BC069B0F5807F9E
:103B500005D102206063A18D2046FFF7D6FEF1E675
:103B6000FFE7A08DE18D401A1FFA80F8E08DD0B3F9
:103B7000B8F1000F37D000BF00BF21680C3151E809
:103B8000001F21F4907021680C3141E80002002AE6
:103B9000F3D100BF00BF00BF2168143151E8001FFE
:103BA00021F001002168143141E80002002AF3D11C
:103BB00000BF202084F842000020206300BF00BF27
:103BC00021680C3151E8001F21F0100021680C31F0
:103BD00041E80002002AF3D100BF022060634146A1
:103BE0002046FFF792FEADE605F0800030B106F00A
:103BF000800018B1204602F0A3FEA3E605F04000C5
:103C000030B106F0400018B1204602F0D4FC99E62D
:103C100000BF97E63965000810B504460CB90120CD
:103C200010BDA06900B100E000BF94F8410028B9C0
:103C3000002084F84000204600F02AF8242084F870
:103C400041002068C06820F400502168C860204608
:103C500002F040FD2068006920F49040216808616E
:103C60002068406920F02A00216848612068C06807
:103C700040F400502168C86000206064202084F86F
:103C8000410084F842000020606300BFC8E70000E4
:103C900010B586B00446142101A8FCF729FCAB49F5
:103CA0002068884239D100BF00200090A8480068F1
:103CB00040F40020A64908600846006800F400208F
:103CC000009000BF00BF00BF00200090A048103847
:103CD000006840F004009E491039086008460068FA
:103CE00000F00400009000BF00BF4FF4406001905E
:103CF00002200290002003900320049008200590E9
:103D000001A99448FDF71CFD002205213420FDF790
:103D1000D9FE3420FDF7C2FE15E18F4920688842A4
:103D200055D100BF002000908948006840F4801001
:103D3000874908600846006800F48010009000BFC2
:103D400000BF00BF0020009081481038006840F09C
:103D500004007F49103908600846006800F004003C
:103D6000009000BF00BF00BF002000900846006820
:103D700040F0080008600846006800F00800009065
:103D800000BF00BF88140190022002900020039021
:103D9000032004900820059001A96E48FDF7D0FC8F
:103DA0000420019002200290002003900320049040
:103DB0000820059001A96948FDF7C2FC00220521F1
:103DC0003520FDF77FFE3520FDF768FEBBE0644936
:103DD000206888423BD100BF002000905C48001D55
:103DE000006840F010005A49091D08600846006844
:103DF00000F01000009000BF00BF00BF0020009046
:103E000053481038006840F00100514910390860EB
:103E10000846006800F00100009000BF00BF4FF4AA
:103E2000C0600190022002900020039003200490C3
:103E30000720059001A94B48FDF782FC00220721CD
:103E40002520FDF73FFE2520FDF728FE7BE04649B3
:103E50002068884239D100BF002000903C480068AB
:103E600040F480203A4908600846006800F4802049
:103E7000009000BF00BF00BF002000903448103801
:103E8000006840F0020032491039086008460068B6
:103E900000F00200009000BF00BF4FF440600190AE
:103EA0000220029000200390032004900720059038
:103EB00001A92E48FDF744FC002205212720FDF72B
:103EC00001FE2720FDF7EAFD3DE0294920688842F0
:103ED00039D100BF002000901D48001D006840F04F
:103EE00020001B49091D08600846006800F02000FA
:103EF000009000BF00BF00BF0020009014481038A1
:103F0000006840F004001249103908600846006853
:103F100000F00400009000BF00BFC020019002200C
:103F2000029000200390032004900820059001A92E
:103F30000848FDF705FC002205214720FDF7C2FDDA
:103F40004720FDF7ABFD06B010BD0000004C00405F
:103F5000403802400008024000500040000C02407F
:103F600000100140000002400048004000040240F0
:103F70000014014070B504460D46164694F8420000
:103F800020280BD105B10EB9012070BD002020639F
:103F900032462946204602F0B3FCF6E70220F4E759
:103FA00038B504461E49206888420FD11D48007864
:103FB000009000231A4669461B48006805F056FD2C
:103FC000012218491948FFF7D5FF00BF184920689A
:103FD000884208D11748007805F076FA0122154981
:103FE0001548FFF7C7FF15492068884204D1012210
:103FF00013491448FFF7BEFF13492068884204D1D3
:10400000012212491248FFF7B5FF12492068884281
:1040100004D1012210491148FFF7ACFF38BD000060
:1040200000100140F400002010000020EC040020EB
:1040300000480040F700002034050020004C0040FC
:10404000F80000205C04002000500040F90000202F
:10405000A404002000140140FA0000207C05002088
:1040600010B5034693F84100202813D101B10AB9D5
:10407000012010BD19629A84DA840020586421203E
:1040800083F841001868C06840F080001C68E06058
:104090000020EEE70220ECE7704700BFFEE70000DB
:1040A000D321074A1180911C0888088808884FF698
:1040B000FF7101EA0020911C098808437047000045
:1040C000FE1F006C30B50B46002100BF16E00A242D
:1040D000B4EB107F05D9302404EB107403F81140C1
:1040E00005E0412404EB10740A3C03F81140000180
:1040F00000254C00641C1D554C1CE1B29142E6DBCE
:1041000030BD000070B5044600250026094800882F
:104110000949098800FB01F60021084600F000FC6F
:1041200000F06AFC00BF02E0044804806D1CB54248
:10413000FAD370BD680000206A0000200020006CE7
:1041400070B505460E4614463146284600F05EF925
:104150000348008803490880881C048070BD000063
:104160006C000020FE1F006C2DE9F84F8146884648
:1041700016461C46CDF800800C2C01D10C2711E00E
:10418000102C01D110270DE0182C01D1242709E0B3
:10419000302C01D1902705E0402C01D1A70001E08F
:1041A000BDE8F88FA6F12000C6B2002564E00C2C13
:1041B00007D106EB4600324901EB800010F805A05C
:1041C00024E0102C05D12F4800EB061010F805A0B4
:1041D0001CE0182C07D106EBC6002B4901EB800030
:1041E00010F805A012E0302C07D106EBC6002749D5
:1041F00001EB001010F805A008E0402C05D1244880
:1042000000EB062010F805A000E0C9E74FF0000B16
:104210002DE00AF0800030B11E4802884146484631
:10422000FFF78EFF05E01C48028841464846FFF72D
:1042300087FF4FEA4A0A08F101001FFA80F8174881
:104240000088804500DBABE70098A8EB0000A042A7
:104250000BD1DDF8008009F101001FFA80F9104848
:104260000088814500DB9BE704E00BF1010BBBF10B
:10427000080FCED300BF6D1CBD4298D300BF8FE79F
:1042800054BF0008C8C30008B8C9000814D7000804
:10429000840C010860000020620000206A000020F9
:1042A000680000202DE9FF4F81B0074690461E466A
:1042B0000E9CC3464FF0000906E00A20BBFBF0FB52
:1042C00009F1010000F0FF09BBF1000FF5D1B14584
:1042D00008DD26A322463846029900F075F805B09D
:1042E000BDE8F08F00253CE0A6EB0900A8421BDDED
:1042F0000F9860B104EBD471491001FB057188B2CD
:104300002346302200940299FFF72EFF27E004EBAA
:10431000D471491001FB057188B223462022009414
:104320000299FFF721FF1AE0701B401EC1B20A205C
:10433000FCF74AFAB8FBF0F00A21B0FBF1F201FBFE
:10434000120A04EBD471491001FB057188B20AF11D
:104350003001CAB2234600940299FFF705FF681C9A
:10436000C5B2B542C0DB00BFB9E7000045525200FC
:104370002DE9FF4F82B004460D461646DDE911894E
:10438000109F0F48B0F800A00E48B0F800B00C48DD
:10439000A0F800800B48A0F800900F98CDE9000726
:1043A000324629462046059BFFF77CFF0448A0F8CB
:1043B00000A00448A0F800B006B0BDE8F08F0000EF
:1043C0006000002062000020F0B506460F4615464A
:1043D0001C4611E022782B4639463046FFF7C4FED2
:1043E000284605EBD07106EB61018EB206480088C5
:1043F000864200DB06E0641C2078202802DB20785F
:104400007E28E7DD00BFF0BD6800002030B504461F
:104410000D462946204600F083FA00F0EDFA0248E6
:1044200000880249088030BD600000200020006C38
:1044300000B587B0322004F0C7FF00BF0020019014
:10444000ED48006840F02000EB490860084600682D
:1044500000F02000019000BF00BF0815029001206D
:10446000039004900320059002A9E448FDF768F941
:10447000FFF716FEE24908800846008849F24131FC
:1044800088420DD001F000FBDD4908800846008815
:1044900045F26171884203D141F66310D849088022
:1044A000D748008849F2413188421CD1D54800687C
:1044B00020F00F004FF02041C1F81C010846D0F851
:1044C0001C0120F47060C1F81C010846D0F81C01E2
:1044D00040F00300C1F81C010846D0F81C0140F46C
:1044E0000070C1F81C01C648008849F24131884279
:1044F0007ED1CF20C44908800020891C0880C120BB
:10450000088030200880ED20891E08806420891CE6
:104510000880032008801220088081200880E8207D
:10452000891E08808520891C0880102008807A2038
:104530000880CB20891E08803920891C08802C2007
:104540000880002008803420088002200880F7209E
:10455000891E08802020891C0880EA20891E088086
:104560000020891C08800880C020891E08801B202C
:10457000891C0880C120891E08800120891C0880B0
:10458000C520891E08803020891C08800880C7202B
:10459000891E0880B720891C08803620891E088063
:1045A0004820891C08803A20891E08805520891CD3
:1045B0000880B120891E08800020891C08801A20EC
:1045C0000880B620891E08800A20891C0880A22045
:1045D0000880F220891E08800020891C088026207F
:1045E000891E08800120891C0880E020891E00E0C7
:1045F0005FE008800F20891C08802A20088028207E
:104600000880082008800E20088008200880542098
:104610000880A9200880432008800A2008800F20F5
:10462000088000200880088008800880E120891E1A
:1046300008800020891C0880152008801720088029
:104640000720088011200880062008802B20088081
:10465000562008803C200880052008801020088013
:104660000F2008803F20088008800F2008802B2022
:10467000891E08800020891C08800880012008808D
:104680003F2008802A20891E08800020891C08807D
:1046900008800880EF2008801120891E088078207B
:1046A00004F092FE292058490880012057490860EB
:1046B00098E05348008841F663118842F8D1E2201F
:1046C000514908801D20891C088002200880042090
:1046D0000880642004F084FEE0204B49088001201B
:1046E000891C08800A2004F06FFEE02046490880FB
:1046F0000320891C08800C2004F066FE012042493A
:1047000008800A2004F060FEE6203F4908802F2040
:10471000891C0880FF2008800880B020891E08803E
:104720002020891C0880002008800320088040F297
:104730001F3008800120088040F2DF100880002030
:104740000880B420891E08800420891C088040F25B
:104750001F400880002008802E200880002008804C
:10476000088008800880B620891E08800220891CE5
:1047700008804FF40370088000200880172008800C
:1047800015200880002008800880F020891E0880FD
:104790000320891C08802920891E0880D0200880D9
:1047A0000020891C0880BE20891E08800520891CE5
:1047B0000880FE20088001200880002008800880F2
:1047C0000880B820891E08800320891C08800120E9
:1047D0000880BA20891E08800120891C0880FF20DB
:1047E00001F0FEFA002001F013FA4FF6FF70FFF718
:1047F00089FC07B000BD00003038024000140240C0
:10480000640000201C0100A0FE1F006CA882424230
:104810002DE9FF4106460F46144698460A9D002C96
:104820000EDB40F2FF70002101224346CDE9005229
:10483000CDE90210224639463046FFF799FD0DE0DA
:104840004FF61F00002101224346CDE90052CDE979
:104850000210624239463046FFF78AFDBDE8FF810B
:1048600030B58418641EA2B2CC18641EA3B2264CC4
:1048700024786CBB254C248841F66315AC4227D1C3
:10488000234C2488A41A241AA0B2CC18641EA3B204
:10489000204C2488204D2C800412AD1C2C80C4B2E6
:1048A0002C808418641EC4F30F242C808418641E8A
:1048B000E4B22C80194C2488AD1E2C800C12AD1C47
:1048C0002C80CCB22C801C122C80DCB22C8019E005
:1048D000104C2488104D2C800412AD1C2C80C4B2C6
:1048E0002C8014122C80D4B22C800C4C2488AD1E49
:1048F0002C800C12AD1C2C80CCB22C801C122C8075
:10490000DCB22C8030BD0000660000206400002076
:10491000680000206E000020FE1F006C7000002068
:104920002E4A128849F241339A4212D12C4A1288F7
:104930002C4B1A8002129B1C1A80C2B21A802A4A7F
:1049400012889B1E1A800A129B1C1A80CAB21A80F7
:1049500042E0224A128841F663139A423CD1234A2C
:1049600012788AB9224A1288521E121A90B21C4A30
:1049700012881C4B1A8000229B1C1A801A8002127B
:104980001A80C2B21A8013E0154A1288154B1A8099
:1049900002129B1C1A80C2B21A80154A1288521E3B
:1049A000C2F30F221A80124A1278521ED2B21A8013
:1049B0000D4A12880B4B1A800A129B1C1A80CAB22D
:1049C0001A800C4A1288521EC2F30F221A80094A1A
:1049D0001278521ED2B21A80704700006400002084
:1049E0006E000020FE1F006C70000020660000209A
:1049F000680000206A000020024800880249088000
:104A0000704700006C000020FE1F006C024A1080FE
:104A1000921C118070470000FE1F006C10B50E48FC
:104A20000E4908600320486000210C488160C16085
:104A30004FF4202101614FF4801141610021017682
:104A400041768176C17601774177FCF73DFB08B16D
:104A5000FBF71CFF10BD0000006400409C0200201A
:104A600010B50E480E4908600320486000210C482C
:104A70008160C1604FF4202101614FF480114161D8
:104A80000021017641768176C17601774177FCF786
:104A90001BFB08B1FBF7FAFE10BD000000680040E8
:104AA000C402002010B5124A0121402004F090FFFA
:104AB00010490860104A0021104805F019F8104903
:104AC0000860104A0021104805F012F80F490860EC
:104AD0000F4A00210F4805F00BF80F4908600F4AF4
:104AE00000210F4805F004F80E49086010BD0000D1
:104AF0003CBF000810000020ACBE0008055E0008A6
:104B000000000020D0BE0008155E00080400002050
:104B1000F4BE0008295F00080800002018BF000844
:104B2000355F00080C00002000B58FB01C2108A8DC
:104B3000FBF7DEFC1C2101A8FBF7DAFC4FF020405C
:104B400020490860204848600620886000211D48F0
:104B5000C16001611021416100218161C161016277
:104B600041624FF4805181620021C1624FF4804163
:104B7000016300214163816341640F200890099023
:104B80003C200A9000200B9010200C9011200D90DA
:104B900000200E90092001900F2002900820039021
:104BA000002004901020059011200690002007900E
:104BB00001AA08A90348FEF759FA08B1FBF766FEF7
:104BC0000FB000BDEC020020040100A008B500BF3A
:104BD000002000903348006840F0800031490860B0
:104BE0000846006800F08000009000BF00BF00BFD2
:104BF000002000900846006840F001000860084668
:104C0000006800F00100009000BF00BF00BF00205E
:104C100000900846006840F01000086008460068F0
:104C200000F01000009000BF00BF00BF0020009007
:104C30000846006840F0020008600846006800F07E
:104C40000200009000BF00BF00BF00200090084697
:104C5000006840F0080008600846006800F008009E
:104C6000009000BF00BF00BF002000900846006811
:104C700040F0400008600846006800F040000090E6
:104C800000BF00BF00BF002000900846006840F051
:104C9000040008600846006800F00400009000BFAF
:104CA00000BF08BD3038024010B50A480A49086004
:104CB000532048600021084881604FF6FF71C160B1
:104CC000002101618161FEF761FA08B1FBF7DEFDA9
:104CD00010BD0000002000401404002000B58DB07D
:104CE000002009900A900B900C90079008901C21CE
:104CF0006846FBF7FDFB4FF080402D4908605320CC
:104D0000486000212A48816044F61F61C16000218B
:104D1000016180218161FEF739FA08B1FBF7B6FD28
:104D20004FF48050099009A92148FEF735FB08B1DE
:104D3000FBF7ACFD1E48FEF71EFD08B1FBF7A6FD14
:104D400000200790089007A91948FEF7C5F908B197
:104D5000FBF79CFD6020009040F2DC5001900020A9
:104D600002900490002269461148FEF782FC08B1C7
:104D7000FBF78CFD042269460D48FEF77AFC08B16A
:104D8000FBF784FD082269460948FEF772FC08B16A
:104D9000FBF77CFD0C2269460548FEF76AFC08B16A
:104DA000FBF774FD0248FEF735FC0DB000BD0000B6
:104DB0003C03002000B587B00020039004900590CC
:104DC00006900190029014481449086053204860EE
:104DD00000211248816040F2E731C1600021016189
:104DE0008161FEF7D3F908B1FBF750FD4FF4805015
:104DF000039003A90948FEF7CFFA08B1FBF746FD77
:104E000000200190029001A90448FEF765F908B15D
:104E1000FBF73CFD07B000BD000400408403002008
:104E200000B587B000200390049005900690019093
:104E30000290144814490860532048600021124829
:104E4000816040F2E731C160002101618161FEF7BC
:104E50009DF908B1FBF71AFD4FF48050039003A9A8
:104E60000948FEF799FA08B1FBF710FD0020019000
:104E7000029001A90448FEF72FF908B1FBF706FDDF
:104E800007B000BD00080040CC03002010B50B485F
:104E90000B4908604FF4E130486000210848816008
:104EA000C16001610C21416100218161C161FEF796
:104EB000B3FE08B1FBF7EAFC10BD0000004C004057
:104EC0005C04002010B50B480B4908604FF4E1303A
:104ED0004860002108488160C16001610C21416186
:104EE00000218161C161FEF797FE08B1FBF7CEFC9E
:104EF00010BD000000500040A404002010B50B4875
:104F00000B4908604FF4E130486000210848816097
:104F1000C16001610C21416100218161C161FEF725
:104F20007BFE08B1FBF7B2FC10BD00000010014091
:104F3000EC04002010B50B480B4908604FF4E13039
:104F40004860002108488160C16001610C21416115
:104F500000218161C161FEF75FFE08B1FBF796FC9D
:104F600010BD0000004800403405002010B50B487B
:104F70000B4908604FF4E130486000210848816027
:104F8000C16001610C21416100218161C161FEF7B5
:104F900043FE08B1FBF77AFC10BD0000001401408D
:104FA0007C05002010B500220D490E4802F05BFB85
:104FB00008B1FBF76BFC0C490A4802F096FE08B1F9
:104FC000FBF764FC0949074801F080FF08B1FBF7D3
:104FD0005DFC044802F08CFF08B1FBF757FC10BDE4
:104FE00018010020002200209C0100206801002000
:104FF00000BFFEE770B5002447E0474A02EB840299
:1050000092ED001AF0EE410A444A02EB840292ED5E
:10501000001AB0EE410A04EB4402414B03EBC2011B
:10502000404A1268224435235A433F4B03EB820027
:1050300000F0F0FA3D4800EB041080ED000A364A1B
:1050400002EB840292ED001AF0EE410A334A02EBC1
:10505000840292ED001AB0EE410A04EB4402344B94
:1050600003EBC20104F108022E4B1B681A443523DE
:105070005A432D4B03EB820000F0CCFA2D4800EB95
:10508000041080ED000A601CC4B2082CB5DB274D6B
:1050900095ED0C0ABDEEC00A10EE105A2BB2234D4E
:1050A00095ED080ABDEEC00A10EE105A2AB21F4D47
:1050B00095ED040ABDEEC00A10EE105A29B21B4D40
:1050C00095ED000ABDEEC00A10EE105A28B200F0AD
:1050D000F5FC184D95ED0C0ABDEEC00A10EE105A05
:1050E0002BB2144D95ED080ABDEEC00A10EE105A11
:1050F0002AB2104D95ED040ABDEEC00A10EE105A0A
:1051000029B20C4D95ED000ABDEEC00A10EE105A02
:1051100028B200F0FBFC70BDBC070020FC0700209B
:105120000C060020300000201C0800205C15002028
:10513000CC060020DC15002008B57E489FED7E0AD5
:105140007E4B7F4A002100907E4800F02FFC79487A
:105150009FED790A794B7A4A002100907948D43042
:1051600000F024FC73489FED740A744B744A0021CC
:105170000090754800F01AFC6E489FED6F0A6F4B67
:105180006F4A002100907048D43000F00FFC69484D
:105190009FED690A694B6A4A012100906B4800F053
:1051A00005FC64489FED640A644B654A0121009048
:1051B0006648D43000F0FAFB5E489FED5F0A5F4B13
:1051C0005F4A01210090624800F0F0FB59489FEDD2
:1051D0005A0A5A4B5A4A012100905D48D43000F0D7
:1051E000E5FB5C489FED540A5B4B5C4A0021009054
:1051F0005B4800F0DBFB57489FED4F0A564B574A80
:10520000002100905648D43000F0D0FB51489FED6B
:105210004A0A514B514A00210090524800F0C6FB07
:105220004C489FED450A4C4B4C4A002100904D489C
:10523000D43000F0BBFB47489FED3F0A464B474A3E
:1052400001210090484800F0B1FB42489FED3A0A26
:10525000414B424A012100904348D43000F0A6FB64
:105260003C489FED350A3C4B3C4A012100903F48A9
:1052700000F09CFB37489FED300A374B374A01213D
:1052800000903A48D43000F091FB00203849487033
:105290004AE09FED290A36484078364901EB001074
:1052A00080ED020A9FED240A3148407801EB00109E
:1052B00080ED010A9FED200A2D484078001D01EB8A
:1052C000001080ED020A9FED1C0A29484078001D5D
:1052D00001EB001080ED010A9FED170A2448407889
:1052E000254901EB001080ED020A9FED130A2048CA
:1052F000407801EB001080ED010A9FED0F0A1C4879
:105300004078001D01EB001080ED020A9FED0A0AB3
:1053100017484078001D01EB001080ED010A144889
:105320004078401C12494870114840780428B0DB8E
:1053300008BD0000C800002000000000C0000020E0
:10534000A40000201C080020C40900206C0B0020D1
:10535000140D00209C000020940000207800002004
:10536000BC0E0020641000200C120020B41300209A
:10537000750000205C150020DC15002010B50446E7
:1053800006492068884201D1FFF734FE2068B0F159
:10539000804F01D100F05EFE10BD0000000400400F
:1053A00000BFFEE710B50248FCF7ABFD10BD0000E2
:1053B000DC3600202DE9F04704460D4626683746C6
:1053C000D6F8408007F5306000EB4510D0F8089023
:1053D000104880450BD909F40040B0F5004F06D1C4
:1053E0004FF4004107F5306000EB45108160204626
:1053F000FDF742FA0748804508D9A079012805D170
:1054000004F29C420121206803F02AFA0020BDE842
:10541000F08700000A30544F2DE9F04705460C464E
:10542000D5F800904E46D9F840A006F5306000EB64
:105430004410D0F80880A879012855D108F0080058
:1054400008280FD1434882450BD908F40040B0F535
:10545000004F7BD14FF4004106F5306000EB441063
:10546000816073E008F02000202806D1202106F595
:10547000306000EB4410816068E008F028000028EC
:1054800064D1344882450CD908F40040B0F5004F8F
:1054900007D14FF4004106F5306000EB4410816005
:1054A00054E004EBC40105F5157000EB810706F527
:1054B000306000EB4410396A0069C0F31200081A2A
:1054C000786164B9386930B905F29C4201212868D5
:1054D00003F0C6F903E07969F8680844F860E1B2BE
:1054E0002846FCF785FB31E01B4882451BD108F4B8
:1054F0000040B0F5004F07D14FF4004106F5306091
:1055000000EB4410816021E008F02000202805D144
:10551000202106F5306000EB44108160E1B228469E
:10552000FCF766FB12E06CB904EBC40105F51570DD
:1055300000EB8100006928B905F29C42002128682F
:1055400003F08EF9E1B22846FCF752FB0020BDE8DB
:10555000F08700000A30544F0A31544F2DE9F84FBC
:1055600007460E46D7F80090C84606EBC60107F17D
:10557000140000EB8104D4E90410884202D9012010
:10558000BDE8F88FD4E90401451AA068A84200D20A
:10559000A568E81C4FEA900A17E0D4E90401451A0F
:1055A000A068A84200D2A568E81C4FEA900AB87922
:1055B000ABB2F2B200904846E16803F019FEE06831
:1055C0002844E06060692844606108F5106000EBE1
:1055D0004610806980B2504506D3D4E90410884251
:1055E00002D220690028D8D1D4E9040188420ED81B
:1055F00006F00F01012000FA01FB40F6340050F8DC
:10560000080020EA0B0040F6340141F808000020B1
:10561000B6E7000070B52DED088B04460D46B0EEE0
:10562000408AF0EE608A207801287DD184ED158AC9
:1056300094ED220A84ED230A94ED210A84ED220AD6
:10564000C4ED188A95ED050A84ED190A94ED180A3F
:10565000D4ED190A30EE600A84ED210A94ED170AA0
:1056600010EE101A084606F0ABFB41EC190B94ED56
:10567000210A10EE101A084606F0A2FB41EC1B0BA3
:10568000B0EE4B0AF0EE6B0A03F005FEB0EE40AA56
:10569000F0EE60AA53EC192B51EC1A0B06F000FB4C
:1056A00004D29FEDC00ABDEC088B70BD94ED120AC8
:1056B000D4ED210A20EE200A84ED1B0A94ED1B0A8A
:1056C000D4ED150AB4EEE00AF1EE10FA04DD94ED23
:1056D000150A84ED1B0A10E094ED1B0AD4ED150A9F
:1056E000F1EE600AB4EEE00AF1EE10FA05D294EDA4
:1056F000150AB1EE400A84ED1B0A94ED1C0AD4EDA4
:10570000130A94ED211A00EE810A84ED1C0A94ED2F
:10571000210AD4ED220A30EE600AD4ED140A20EEFC
:10572000200A84ED1D0A00E0B3E094ED1D0AD4EDDB
:10573000160AB4EEE00AF1EE10FA04DD94ED160A52
:1057400084ED1D0A10E094ED1D0AD4ED160AF1EE69
:10575000600AB4EEE00AF1EE10FA05D294ED160AF2
:10576000B1EE400A84ED1D0A94ED1B0AD4ED1C0A2B
:1057700030EE200AD4ED1D0A30EE200A84ED1A0A1C
:1057800094ED100A84ED110A94ED0F0A84ED100ACD
:1057900094ED1A0A84ED060AB5F9000000EE100A2D
:1057A000B8EEC00ADFED800A80EE201A84ED071AF9
:1057B00094ED060AD4ED070A30EE600A84ED0F0A74
:1057C00094ED010AD4ED0F0A20EE200A84ED090AB7
:1057D00094ED0A0AD4ED020A94ED0F1A00EE810A44
:1057E00084ED0A0A94ED0F0AD4ED100A30EE600A37
:1057F000D4ED030A20EE200A84ED0B0A94ED0A0A88
:10580000D4ED050AB4EEE00AF1EE10FA04DD94EDF1
:10581000050A84ED0A0A10E094ED0A0AD4ED050A9F
:10582000F1EE600AB4EEE00AF1EE10FA05D294ED62
:10583000050AB1EE400A84ED0A0A94ED090AD4ED96
:105840000A0A30EE200AD4ED0B0A30EE200A84ED6D
:10585000080A94ED080AD4ED040AB4EEE00AF1EE69
:1058600010FA04DD94ED040A84ED080A97E094ED43
:10587000080AD4ED040AF1EE600AB4EEE00AF1EE93
:1058800010FA05D294ED040AB1EE400A84ED080A3C
:1058900085E094ED100A84ED110A94ED0F0A84ED71
:1058A000100A84ED068AB5F9000000EE100AB8EE81
:1058B000C00ADFED3D0A80EE201A84ED071A94ED50
:1058C000060AD4ED070A30EE600A84ED0F0A94ED63
:1058D000010AD4ED0F0A20EE200A84ED090A94EDA6
:1058E0000A0AD4ED020A94ED0F1A00EE810A84ED43
:1058F0000A0A94ED0F0AD4ED100A30EE600AD4EDD6
:10590000030A20EE200A84ED0B0A94ED0A0AD4ED76
:10591000050AB4EEE00AF1EE10FA04DD94ED050A92
:1059200084ED0A0A10E094ED0A0AD4ED050AF1EEBE
:10593000600AB4EEE00AF1EE10FA05D294ED050A21
:10594000B1EE400A84ED0A0A94ED090AD4ED0A0A80
:1059500030EE200AD4ED0B0A30EE200A84ED080A5E
:1059600094ED080AD4ED040AB4EEE00AF1EE10FA60
:1059700004DD94ED040A84ED080A10E094ED080AB1
:10598000D4ED040AF1EE600AB4EEE00AF1EE10FA8A
:1059900005D294ED040AB1EE400A84ED080A94EDB4
:1059A000080A80E6000000000000704230B5039C49
:1059B0000170D2ED000AC0ED010AD2ED010AC0ED7E
:1059C000020AD2ED020AC0ED030AD3ED000AC0EDCF
:1059D000040AD4ED000AC0ED050ADFED2A0AC0ED85
:1059E0000E0AC0ED0D0AC0ED0C0ADFED260AC0ED6F
:1059F000080AC0ED0B0AC0ED0A0AC0ED090AC0EDA5
:105A0000110AC0ED100AC0ED0F0AD2ED030AC0ED75
:105A1000120AD2ED040AC0ED130AD2ED050AC0ED58
:105A2000140AD3ED010AC0ED150AD4ED010AC0ED48
:105A3000160A80ED170ADFED130AC0ED200AC0ED4B
:105A40001F0AC0ED1E0ADFED0F0AC0ED1A0AC0EDF5
:105A50001D0AC0ED1C0AC0ED1B0AC0ED230AC0EDF3
:105A6000220AC0ED210AD2ED060AC0ED240ADFEDBC
:105A7000050AC0ED340AC0ED330AC0ED320AC0EDAC
:105A80002C0A30BD00000000A121064A1180911CA3
:105A9000088808884FF6FF7101EA0020911C0988E8
:105AA00008437047FE1F006C30B501460A46137864
:105AB000521C147843EA042030BD0000F8B50746B4
:105AC0000C4615461E4640F2FF100D4908600020A6
:105AD0008860C86008200861380A0A4908704F7059
:105AE000200A8870CC70280A08714D71300A8871BC
:105AF000CE716B460A4602490348FAF7BEFFF8BD6D
:105B00008C070020200000209C020020F8B50746EA
:105B10000C4615461E464FF400700D4908600020E3
:105B20008860C86008200861380A0A4908704F7008
:105B3000200A8870CC70280A08714D71300A88716B
:105B4000CE716B460A4602490348FAF796FFF8BD44
:105B50008C070020200000209C020020044880EDDB
:105B6000000AC0ED010A80ED021AC0ED031A704769
:105B7000D416002010B51346224C04EB8104D4ED5A
:105B8000000AF4EEC00AF1EE10FA06DD1D4C04EB3B
:105B90008104D4ED000AB0EE600A1B4C04EB8104D2
:105BA000D4ED000AF4EEC00AF1EE10FA06D2164C5B
:105BB00004EB8104D4ED000AB0EE600ADFED130AB5
:105BC00060EE200A104C04EB810494ED001AC0EE44
:105BD000811AFCEEE10A10EE904A04F5FA74A2B2C2
:105BE00013B9046862630BE0042B02D10468A2635A
:105BF00006E0082B02D10468E26301E00468226435
:105C000010BD0000E4160020D41600200000FA4465
:105C100010B504468CBB0020334908703348008817
:105C200049F24131884210D12C20314908802A2084
:105C3000304908802B2030490880F0202F49088007
:105C40004FF4A0702E49088049E02848008841F6AA
:105C50006311884243D12C20254908802B202549F7
:105C600008802A20244908804FF4F07023490880D6
:105C70004FF448702249088031E0FFE701201A49BB
:105C800008701A48008849F24131884210D12C200E
:105C9000174908802A20174908802B2016490880B8
:105CA0004FF4A07015490880F0201549088016E0CF
:105CB0000E48008841F66311884210D12C200C490F
:105CC00008802A200B4908802B200B4908804FF4BC
:105CD00048700A4908804FF4F07009490880002094
:105CE00000F010F810BD00006600002064000020E5
:105CF0006C0000206E000020700000206800002072
:105D00006A00002070B5054600240026304800785F
:105D1000012805D12F48008849F24131884208D036
:105D20002B480078F0B92B48008841F6631188426F
:105D300018D1082D15D2DFE805F00406080A0C0E6C
:105D4000101206250DE007250BE0042509E00525C6
:105D500007E0012505E0002503E0032501E0022519
:105D600000BF00BF082D1CD2DFE805F00406090CB7
:105D70000F12151800BF14E044F0800411E044F045
:105D800040040EE044F0C0040BE044F0200408E0BE
:105D900044F0600405E044F0A00402E044F0E004B4
:105DA00000BF00BF36260B48008849F241318842C7
:105DB00001D144F0080421463046FEF727FE06488C
:105DC00003880648028800210846FEF749FD70BD99
:105DD00066000020640000206A00002068000020A7
:105DE000BE21074A11800521921C118011460880AE
:105DF00001211180FF211180002111801180704745
:105E0000FE1F006CFFF7CEF800BF012003F04AFD33
:105E1000FBE7000008B5002439A31022642100200C
:105E2000FEF7D2FA9FED3A0A03F0CCFC9FED380A58
:105E300003F0DCFC00BF3CBB00F0FEFA00F0C6FA49
:105E40001020009033480288032378210020FEF7B9
:105E5000DFFC102000902F48428803238C21002073
:105E6000FEF7D6FC102000902A4882880323A02148
:105E70000020FEF7CDFC102000902648C2880323A6
:105E8000B4210020FEF7C4FC2348008800EE900AED
:105E9000F8EE600AB0EE600A002211461F48FFF7D4
:105EA00069FE1D48408800EE900AF8EE600AB0EEE8
:105EB000600A082201211948FFF75CFE1648808815
:105EC00000EE900AF8EE600AB0EE600A0C220221A1
:105ED0001248FFF74FFE002014233C220090104888
:105EE000B0F900100F48007803F0A4FC601C0521F5
:105EF000B0FBF1F201FB1204142003F0D3FC9AE78B
:105F00003132332B3435362B3738392B313233009D
:105F10000000484206010020FC0000203C03002055
:105F2000040100200301002000BF0A2003F0BAFC96
:105F3000FBE7000008B500BF4FF0FF3300226946C1
:105F40000748006803F004FD0028F5D19DF8000023
:105F500003F0EAFA9DF8000004F028FFECE70000E7
:105F60001000002010B54FF0E020006905F036FC6D
:105F7000012801D004F0ECFF10BD000000B593B083
:105F8000302107A8FAF7B4FA142102A8FAF7B0FAF8
:105F900000BF002001902448006840F08050224952
:105FA00008600846006800F08050019000BF00BF04
:105FB00000BF002001901D48006840F480401B494C
:105FC00008600846006800F48040019000BF00BFF0
:105FD000012007900004089002200D9041050E91C9
:105FE00004210F91A82110910221119107211291F2
:105FF00007A8FCF7EDFD08B1FAF748FC0F20029066
:1060000002200390002004904FF4A05005904FF41C
:1060100080500690052102A8FCF778FC08B1FAF739
:1060200035FC13B000BD0000403802400070004055
:106030000348006840F470000149086070470000A0
:1060400088ED00E010B50248FDF72DFA10BD000004
:106050003C0300207047000010B50248FDF723FA0A
:1060600010BD00008403002010B50248FDF71BFAA4
:1060700010BD0000CC03002010B50248FDF713FA54
:1060800010BD0000C405002010B50248FDF70BFA52
:1060900010BD00001404002010B502682B4B98427C
:1060A0000ED0B0F1804F0BD0294B984208D0294B2D
:1060B000984205D0284B984202D0284B984203D1F1
:1060C00022F070024B681A43204B984220D0B0F166
:1060D000804F1DD01E4B98421AD01E4B984217D0AD
:1060E0001D4B984214D01D4B984211D01C4B984226
:1060F0000ED01C4B98420BD01B4B984208D01B4B28
:10610000984205D01A4B984202D01A4B984203D1BC
:1061100022F44072CB681A4322F080034C6943EAB0
:1061200004028B68C3620B688362084B984202D0FA
:106130000A4B984201D10B690363036843F00403DF
:10614000036001234361026010BD000000000140B4
:106150000004004000080040000C00400004014022
:106160000040014000440140004801400018004048
:10617000001C00400020004030B501F01F05012444
:1061800004FA05F3046A9C430462046A01F01F05E3
:1061900002FA05F52C43046230BD30B50C46816827
:1061A00021F47F4142EA032525432943816030BD24
:1061B0000A46816821F0700142F0070319438160AB
:1061C0007047000030B5026A056A25F001050562D6
:1061D0004368846924F0700424F003040D682C43A0
:1061E00022F002028D682A43104DA84200D103E03C
:1061F0000F4DA84206D100BF22F00802CD682A4305
:1062000022F00402094DA84202D0094DA84207D14C
:1062100023F4807323F400734D692B438D692B4362
:10622000436084614D684563026230BD00000140F7
:106230000004014030B5026A056A25F010050562C8
:106240004368846924F4E04424F440740D6844EA0B
:10625000052422F020028D6842EA0512124DA84260
:1062600000D103E0114DA84207D100BF22F0800207
:10627000CD6842EA051222F040020B4DA84202D03E
:106280000A4DA84209D123F4806323F400634D69C9
:1062900043EA85038D6943EA8503436084614D6861
:1062A0008563026230BD000000000140000401402F
:1062B00030B5026A056A25F4807505624368C469D1
:1062C00024F0700424F003040D682C4322F40072BF
:1062D0008D6842EA0522124DA84200D103E0114D1B
:1062E000A84207D100BF22F40062CD6842EA05222D
:1062F00022F480620A4DA84202D00A4DA84209D178
:1063000023F4805323F400534D6943EA05138D6948
:1063100043EA05134360C4614D68C563026230BD42
:10632000000001400004014030B5036A056A25F40D
:10633000805505624468C26922F4E04222F440724A
:106340000D6842EA052223F400538D6843EA0533C1
:10635000084DA84202D0084DA84204D124F480443C
:106360004D6944EA85144460C2614D680564036266
:1063700030BD0000000001400004014030B50B4674
:106380001446026A056A25F001050562816921F05B
:10639000F00141EA041122F00A021A43816102620B
:1063A00030BD30B50B461446026A056A25F010056B
:1063B0000562816921F4704141EA043122F0A002B2
:1063C00042EA03128161026230BD000010B50C4840
:1063D00002880CA10CA004F0D5F90948428809A153
:1063E0000CA004F0CFF90648828806A10CA004F0A6
:1063F000C9F90348C28803A10CA004F0C3F910BD79
:106400000601002076616C006D61696E2E6E756DFF
:10641000310000006D61696E2E6E756D32000000F6
:106420006D61696E2E6E756D330000006D61696E71
:106430002E6E756D3400000070B521480068C821CB
:1064400090FBF1F201FB1205642D03DC05EB8500E6
:10645000840004E0C5F1C80000EB800084002246FF
:1064600018A119A004F08EF904F1780215A11AA060
:1064700004F088F9502C02DDA4F1500000E0002067
:10648000024610A118A004F07DF904F128020DA124
:1064900019A004F077F90A48006800EB40004FF4B7
:1064A000B47190FBF1F201FB1206324605A116A071
:1064B00004F068F902480068401C0149086070BD9A
:1064C000F000002076616C00776865656C2E776857
:1064D00065656C3100000000776865656C2E776833
:1064E00065656C3200000000776865656C2E776822
:1064F00065656C3300000000776865656C2E776811
:1065000065656C3400000000776865656C2E686511
:106510006164696E6700000010B50248FDF7F8F984
:1065200010BD00005C04002010B50248FDF7F0F932
:1065300010BD0000A404002070B50446A56B002027
:10654000E8852846FDF7E2F970BD00BF00BF02688C
:106550000C3252E8002F22F4907102680C3242E8AB
:106560000013002BF3D100BF00BF00BF026814323C
:1065700052E8002F22F001010268143242E80013B1
:10658000002BF3D100BF016B01290ED100BF00BF6A
:1065900002680C3252E8002F22F0100102680C321F
:1065A00042E80013002BF3D100BF202180F84210F5
:1065B00000210163704710B504462068C06820F0D0
:1065C00040002168C860202084F841002046FDF783
:1065D00063FD002010BDF8B504460025002694F8A0
:1065E0004200222873D1A068B0F5805F0BD12069EA
:1065F00048B9A66A20684068C0F308003080A06AE5
:10660000801CA06214E0A56AA068B0F5805F03D08A
:10661000A06828B9206918B920684068287004E08B
:106620002068406800F07F002870A06A401CA062CB
:10663000E08D401E80B2E085002846D12068C06809
:1066400020F020002168C8602068C06820F48070B5
:106650002168C8602068406920F001002168486115
:10666000202084F8420000206063206B012826D19E
:106670000020206300BF00BF21680C3151E8001FDB
:1066800021F0100021680C3141E80002002AF3D10A
:1066900000BF2068006800F0100010280AD100BF79
:1066A00000200090206800680090206840680090FA
:1066B00000BF00BFA18D2046FDF727F902E020466C
:1066C000FDF76EFC0020F8BD01E00020FBE7022092
:1066D000F9E700002DE9F84F04462068006920F42E
:1066E0004050E1680843216808612169A0680843B7
:1066F00061690843E169084300902068C06849F275
:106700000C618843009908432168C860206840698B
:1067100020F44070A16908432168486176492068E7
:10672000884203D075492068884203D1FCF7E8F914
:10673000814602E0FCF7D4F98146E069B0F5004FEC
:106740006CD102206168A0FB015003461920A9FB0F
:10675000007001462A463846F9F706FE6421B0FB70
:10676000F1F04FEA001A02206168A0FB01510B46CC
:106770001920A9FB00712A463846F9F7F5FD834632
:1067800002206168A0FB015003461920A9FB00719B
:106790002A463846F9F7E8FD6421B0FBF1F000EB3A
:1067A000C00101EB0010ABEB8000322101EBC00017
:1067B0006421B0FBF1F000F0F8000AEB400A02207F
:1067C0006168A0FB015003461920A9FB0070014637
:1067D0002A463846F9F7C8FD834602206168A0FBC7
:1067E000015003461920A9FB00712A463846F9F7E3
:1067F000BBFD6421B0FBF1F000EBC00101EB001028
:10680000ABEB8000322101EBC0006421B0FBF1F062
:1068100000F007005044216888606AE00420616845
:10682000A0FB015003461920A9FB007001462A462F
:106830003846F9F799FD824604206168A0FB0150B3
:1068400003461920A9FB007001462A463846F9F78D
:106850008BFD6421B0FBF1F000EBC00101EB0010F7
:10686000AAEB8000322101EB00106421B0FBF1F0B3
:1068700000F0F00A04206168A0FB017003461920B3
:10688000A9FB00513A462846F9F76EFD6421B0FB9A
:10689000F1F00AEB001A04206168A0FB01510B46DD
:1068A0001920A9FB00712A463846F9F75DFD834699
:1068B00004206168A0FB015003461920A9FB007069
:1068C00001462A463846F9F74FFD6421B0FBF1F046
:1068D00000EBC00101EB0010ABEB8000322101EBBB
:1068E00000106421B0FBF1F000F00F00504421686B
:1068F0008860BDE8F88F00000010014000140140DE
:1069000010B5034699629A85DA85002058642220E2
:1069100083F84200186928B11868C06840F4807094
:106920001C68E0601868406940F001001C68606104
:106930001868C06840F020001C68E060002010BDAE
:10694000014691F84100212828D18868B0F5805F80
:106950000BD1086948B90A6A1088C0F308000B68AF
:106960005860086A801C086205E00B6A581C0862BF
:1069700018780B685860C88C401E80B2C88458B91B
:106980000868C06820F080000B68D8600868C0689C
:1069900040F040000B68D860002070470220FCE700
:1069A00010B50248FCF7B4FF10BD0000EC04002055
:1069B00010B50248FCF7ACFF10BD00003405002004
:1069C00010B50248FCF7A4FF10BD00007C050020B4
:1069D0002DE9F04104460D46D4F8C87204F5307034
:1069E000D4F8D41250F8210010B90320BDE8F0818A
:1069F00004F53070D4F8D41250F8216005F00F007F
:106A000000EB800104F1140050F8210028B305F0D8
:106A10000F0000EB800104F1140050F8211005F084
:106A20000F0000EBC00207F1140000EB8200806849
:106A3000B1FBF0F200FB121078B9002105F00F0055
:106A400000EB800204F1140040F8221000231A46E3
:106A50002946204601F016F917E00020C6F8140276
:106A600004F53170D4F8D41250F82100006960B1F7
:106A7000D6F8080204F53171D4F8D42251F8221066
:106A80002A460B6906F5047198470020AEE770B5F9
:106A900004460E4604F53070D4F8D41250F8215054
:106AA000D4F8D41250F8210008B9032070BD314643
:106AB000204600F03EFFC5F80C02D5F8040204F5AC
:106AC0003171D4F8D43251F82310CA6805F5037136
:106AD00090470020EAE7000070B504460D463048B4
:106AE0000178204600F0EFFD00212D48007800F0ED
:106AF0000F0000EB800204F1140000EB8200C17370
:106B000028480178204600F0DEFD00212548007865
:106B100000F00F0000EB800204F5AA7000EB820089
:106B2000C17321480178204600F0CDFD00211E48A8
:106B3000007800F00F0000EB800204F1140000EB7D
:106B40008200C1731848007800F00F0000EB80024B
:106B500004F1140000EB8200816004F53070D4F879
:106B6000D41250F82100C8B104F53171D4F8D42200
:106B700051F822104868804704F53071D4F8D422C7
:106B800051F8220001F0AAFB002104F53070D4F87E
:106B9000D42240F822100020C4F8BC02002070BDAE
:106BA00017020020180200201902002070B50446C8
:106BB00004F53070D4F8D41250F821500DB90320E8
:106BC00070BD04F53170D4F8D41250F8210098B19A
:106BD00095F80002FF280FD095F8012295F80002E1
:106BE00004F53171D4F8D46251F826108B68294627
:106BF0009847FF2085F800020020E1E701460A20BF
:106C00000880014870470000900100202DE9F04104
:106C1000044682210D4800F072FC054601210B4814
:106C200000F06DFC06468121084800F068FC07462C
:106C30000DB11020A8710EB14020B0800FB14020DE
:106C4000B880432020800148BDE8F081D4010020B5
:106C50002DE9F041044682210E4800F050FC054623
:106C600001210C4800F04BFC06468121094800F048
:106C700046FC07460DB11020A87116B14FF4007004
:106C8000B08017B14FF40070B880432020800148D5
:106C9000BDE8F081D40100202DE9F04104468221B5
:106CA0000D4800F02CFC054601210B4800F027FCA4
:106CB00006468121084800F022FC07460DB110204D
:106CC000A8710EB14020B0800FB14020B8804320A1
:106CD00020800148BDE8F081D401002070B5044651
:106CE0000E464FF4077001F0FBFA054645B9002146
:106CF00004F53070D4F8D42240F82210022070BD80
:106D00004FF407712846F9F7F3FB04F53070D4F817
:106D1000D41240F82150D4F8D41250F82100C4F80D
:106D2000BC02207C98BB4FF40073022250480178CB
:106D3000204600F09FFE01214D48007800F00F0032
:106D400000EB800204F1140000EB8200C1734B02DF
:106D5000022248480178204600F08CFE0121454877
:106D6000007800F00F0000EB800204F5AA7000EB41
:106D70008200C17310214048007800F00F0000EB42
:106D8000800204F1140000EB8200816032E0FFE732
:106D90004023022236480178204600F06BFE012194
:106DA0003348007800F00F0000EB800204F114007B
:106DB00000EB8200C173402302222E480178204656
:106DC00000F058FE01212B48007800F00F0000EB86
:106DD000800204F5AA7000EB8200C17310212648DE
:106DE000007800F00F0000EB800204F1140000EBCB
:106DF00082008160082303221F480178204600F0AA
:106E000039FE01211C48007800F00F0000EB8002E1
:106E100004F1140000EB8200C1730020C5F80402E5
:106E200004F53171D4F8D42251F822100868804753
:106E30000020C5F81402C5F81802D5F8040208B9F4
:106E400002205CE7207C48B94FF4007309480178C0
:106E50002046D5F8042200F025FE07E0402305482F
:106E600001782046D5F8042200F01CFE002046E7F9
:106E700017020020180200201902002070B50446F5
:106E800004F53070D4F8D41250F82150D4F8D4124C
:106E900050F8210008B9032070BD207C48B94FF498
:106EA0000073094801782046D5F8042200F0FAFD65
:106EB00007E04023044801782046D5F8042200F07A
:106EC000F1FD0020E8E7000018020020024609B9A1
:106ED0000320704702F53170D2F8D43240F8231005
:106EE0000020F6E710B5024602F53070D2F8D44221
:106EF00050F824300BB9032010BDC3F80412002051
:106F0000FAE730B503460C4603F53070D3F8D45297
:106F100050F8251009B9032030BDC1F80842C1F866
:106F200010220020F8E72DE9FC4105460C4605F546
:106F30003070D5F8D41250F82160002001900090F4
:106F4000804616B90320BDE8FC81207800F060007F
:106F500000283DD020287CD1E08868B3207800F05C
:106F60008000B8B1E288607805F53171D5F8D4C2F7
:106F700051F82C108B6831469847E088072801D9D2
:106F8000072000E0E08807463A463146284600F0F0
:106F9000E5F81CE0607886F80002E088402801D21D
:106FA000E08800E0402086F8010296F80122314690
:106FB000284600F0AFF80AE0607805F53171D5F8A1
:106FC000D42251F8221000228B682146984747E0CE
:106FD000607830B1012832D00A2813D00B282FD185
:106FE00021E095F89C02032805D102226946284633
:106FF00000F0B4F805E02146284600F07FF84FF095
:10700000030824E095F89C02032805D1012201A978
:10701000284600F0A3F805E02146284600F06EF867
:107020004FF0030813E095F89C02032805D0214691
:10703000284600F063F84FF0030808E009E006E096
:107040002146284600F05AF84FF0030800BF00BF61
:1070500006E02146284600F051F84FF0030800BF33
:1070600000BF40466FE770B504460D460026D4F8D1
:10707000B802294642682046904700B103263046B0
:1070800070BD70B504460D4694F89C02012804D0EA
:10709000022803D003280CD101E000BF00BF68889C
:1070A000012805D10020C4F8A402204600F068F8A9
:1070B00004E02946204600F021F800BF00BF70BD63
:1070C00002460020704702460020704770B5064611
:1070D0000C4615462B4622460021304600F0E2FCC5
:1070E000002070BD70B506460C4615462B4622465C
:1070F0000021304600F0C6FD002070BD70B504468A
:107100000D468021204600F08DFD0021204600F034
:1071100089FD70BD70B504460E4615460320C4F8BF
:107120009402C4F854514FF4B27006514FF4AC704D
:1071300005512B4632460021204600F0B3FC0020CA
:1071400070BD10B504460520C4F8940200231A4609
:107150001946204600F0A6FC002010BD70B504467C
:107160000E4615460220C4F8940265616662A56168
:107170002B4632460021204600F084FD002070BDE1
:1071800010B504460420C4F8940200231A46194698
:10719000204600F077FD002010BD000070B50546C8
:1071A0000C462DB92246064906A000F012FA04E06A
:1071B0002246034903A000F00CFA014870BD00000C
:1071C000DC24002043444320436F6E66696700005F
:1071D0000246122008800148704700003401002058
:1071E00070B505460C462DB92246064906A000F0AA
:1071F000F0F904E02246034903A000F0EAF901484F
:1072000070BD0000DC24002043444320496E7465B7
:107210007266616365000000024604200880014830
:10722000704700004801002070B505460C46224614
:10723000024903A000F0CDF9004870BDDC24002015
:1072400053544D6963726F656C656374726F6E69D8
:107250006373000070B505460C462DB922460649F9
:1072600006A000F0B6F904E02246034903A000F0AE
:10727000B0F9014870BD0000DC24002053544D33A8
:1072800032205669727475616C20436F6D506F7255
:107290007400000070B505460C461A202080F9F7EE
:1072A00073FB014870BD00004C01002070B504461E
:1072B0000D46E888012804D029462046FFF71EFF26
:1072C0001EE094F89C02012804D0022803D0032871
:1072D00010D109E000BF0020A060012204F10801E4
:1072E0002046FFF73BFF0AE00122211D2046FFF761
:1072F00035FF04E029462046FFF700FF00BF00BF2E
:1073000070BDF8B504460E46002000900027002509
:1073100070880012082875D2DFE800F0C7040C203E
:10732000C7C7A5B5207CD4F8B4120A68694690474F
:107330000746C1E0207C40B9D4F8B802816A6846AB
:10734000884707460220787007E0D4F8B802C16A7F
:1073500068468847074602207870ADE0B078062876
:1073600078D2DFE800F00316293C5063D4F8B40269
:10737000406838B1207CD4F8B4124A686946904716
:10738000074605E031462046FFF7B8FE681CC5B247
:1073900067E0D4F8B402806838B1207CD4F8B41225
:1073A0008A6869469047074605E031462046FFF760
:1073B000A5FE681CC5B254E0D4F8B402C06838B168
:1073C000207CD4F8B412CA6869469047074605E0A5
:1073D00031462046FFF792FE681CC5B241E0D4F862
:1073E000B402006938B1207CD4F8B4120A69694645
:1073F0009047074605E031462046FFF77FFE681CB0
:10740000C5B22EE051E0D4F8B402406938B1207C16
:10741000D4F8B4124A6969469047074605E03146F8
:107420002046FFF76BFE681CC5B21AE0D4F8B40220
:10743000806940B1207CD4F8B4128A6969469047CB
:10744000074606E006E031462046FFF757FE681C77
:10745000C5B206E031462046FFF750FE681CC5B2B3
:1074600000BF00BF28E0207C30B9D4F8B802416BDF
:1074700068468847074605E031462046FFF73EFE4E
:10748000681CC5B218E0207C40B9D4F8B802016B82
:107490006846884707460720787005E03146204651
:1074A000FFF72CFE681CC5B206E031462046FFF708
:1074B00025FE681CC5B200BF00BF05B1F8BDF0884D
:1074C000C0B1BDF8000080B1F088BDF8001088425E
:1074D00002DDBDF8000000E0F0880090BDF800205B
:1074E00039462046FFF73AFE07E031462046FFF7CF
:1074F00005FE02E02046FFF743FE00BFDEE72DE970
:10750000F84105460F462C462E464FF0000870887D
:107510003178884218DD307800900FE069462046C7
:1075200000F020F804466078052807D1A04698F8B6
:107530000200B84200D106E04FF000087088BDF8A4
:1075400000108842EADC00BF4046BDE8F8810146F1
:1075500000200A4602E0431CD8B2521C1378002BCC
:10756000F9D1704710B5024610460B8804782344C1
:107570000B800378981810BD70B504460D4694F83A
:107580009C02012804D0022803D003281AD101E06C
:1075900000BF00BFE888022804D029462046FFF734
:1075A000ADFD14E00120E060D4F8A40218B1E06859
:1075B00040F00200E060022204F10C012046FFF7D7
:1075C000CDFD04E029462046FFF798FD00BF00BF2F
:1075D00070BD2DE9F04107460D46904600240FB9D5
:1075E000BDE8F0813E463046FFF7B1FF022101EBD6
:1075F0004000B0F5007F01D9080204E03046FFF7F3
:10760000A6FF4000801CA8F8000098F8000028554C
:10761000601CC4B203202855601CC4B208E0307856
:107620002855761C601CC4B200202855601CC4B2CA
:1076300030780028F3D100BFD2E70146002031B1F5
:10764000012906D0022906D0032908D105E000202F
:1076500007E0032005E0012003E0032001E0032010
:1076600000BF00BF70472DE9F04104460D461646A5
:1076700014B90320BDE8F0810020C4F8B802C4F8B2
:10768000C402C4F8D0020DB1C4F8B452012084F889
:107690009C022670204600F055F907463846E9E777
:1076A0002DE9F04104460D46002600272946D4F86E
:1076B000C802FAF70AFB06463046FFF7BEFF074648
:1076C0003846BDE8F0812DE9F04104460D4600261C
:1076D00000272946D4F8C802FAF7C2FA064630460F
:1076E000FFF7ABFF07463846BDE8F0812DE9F047CC
:1076F00005460F469146002F5AD105F11404D5F8DE
:10770000940202284AD1A1896068884213D9A189CC
:107710006068401A6060A189206908442061284699
:1077200062682169FFF7DEFC00231A4619462846E5
:1077300000F0B8F932E0A0896168884217D1A189C8
:107740002068884213D32068D5F8981288420ED258
:10775000002211462846FFF7C5FC0020C5F8980214
:1077600000231A461946284600F09CF916E095F8C1
:107770009C0203280BD1D5F8B802C06838B10020AC
:10778000C5F8D402D5F8B802C168284688478021D8
:10779000284600F047FA2846FFF7D3FC95F8A002E8
:1077A00050B3284600F0C5FA002085F8A00223E077
:1077B00047F080012846FFF783FC0646FF2E1BD0CA
:1077C000D6B995F89C02032816D105F52E7050F80D
:1077D0002600406980B1C5F8D46205F52E7050F8D6
:1077E000260039464269284690478046B8F1000F86
:1077F00002D04046BDE8F0870020FBE72DE9F047C6
:1078000005460F4691464FF00008002F55D105F56B
:10781000AA76D5F89402032873D1B189706888429A
:1078200014D9B1897068401A7060B1893069084410
:107830003061B3897068984201D9706800E0B089FE
:10784000024628463169FFF741FC5AE095F8AA0242
:1078500000F01F0020B1012804D0022812D109E055
:10786000002411E040F2AE20415D2846FFF72BFCDA
:10787000044609E040F2AE20415D2846FFF720FCB7
:10788000044601E0002400BF00BF94B995F89C02B3
:1078900003280ED105F52E7050F82400006940B180
:1078A000C5F8D44205F52E7050F824000169284629
:1078B00088472846FFF764FC23E007F07F0128464D
:1078C000FFF7FEFB0446FF2C1BD0D4B995F89C02B1
:1078D000032810D105F52E7050F82400806950B1AE
:1078E000C5F8D44205F52E7050F824003946826957
:1078F000284690478046B8F1000F02D04046BDE8C8
:10790000F0870020FBE701460020704770B5044671
:107910000025012084F89C02D4F8B80238B12179FE
:10792000D4F8B80242682046904700B103252846A3
:1079300070BD70B504460D462946D4F8C802FAF762
:1079400002FA70BD10B50446207800282AD11648E6
:10795000C0F8E044C4F8C8024FF0A04012490860E3
:107960000420087102211048C17100218171022197
:10797000417200218172C17201738173C173FAF780
:1079800037FE08B1F8F782FF80210748FAF7EDF8D3
:10799000402200210448FAF7EDF880220121024834
:1079A000FAF7E8F8002010BDDC36002010B50246DA
:1079B000D2F8C83201F08000802809D101F07F00A0
:1079C00000EBC00403F1140000EB8400807810BDCC
:1079D00001F07F0000EBC00403F5157000EB84009C
:1079E0008078F4E770B504460D4604F52E70D4F89F
:1079F000D41250F8210008B9032070BD94F89C02FD
:107A0000032811D104F52E70D4F8D41250F82100B7
:107A1000006A48B104F52E70D4F8D41250F8210051
:107A20002946026A204690470020E6E770B50446E2
:107A30000D4604F52E70D4F8D41250F8210008B980
:107A4000032070BD94F89C02032811D104F52E7018
:107A5000D4F8D41250F82100406A48B104F52E70D1
:107A6000D4F8D41250F821002946426A20469047A3
:107A70000020E6E72DE9F04704460F4615461E466E
:107A80004FF00008C1462B4632463946D4F8C802AA
:107A9000FAF764F980464046FFF7CFFD8146484635
:107AA000BDE8F0872DE9F04704460D4616461F460F
:107AB0004FF00008C1463B4632462946D4F8C8027A
:107AC000FAF793F980464046FFF7B7FD81464846EE
:107AD000BDE8F08770B504460025012084F89C02BB
:107AE0000020C4F894026060C4F8A40284F8A002E4
:107AF000D4F8B80258B1D4F8B802406838B1217946
:107B0000D4F8B80242682046904700B103254023CC
:107B1000002211462046FFF7ADFF012140F263101D
:107B200001554021C01E01534023002280212046E0
:107B3000FFF7A0FF01212320015540212184284681
:107B400070BD014691F89C02042803D191F89D0272
:107B500081F89C020020704710B5044694F89C02FE
:107B600003280BD1D4F8B80240B1D4F8B802C069E8
:107B700020B1D4F8B802C16920468847002010BD62
:107B800002461174002070472DE9F04104460D466D
:107B9000002600272946D4F8C802FAF753FE064605
:107BA0003046FFF74AFD07463846BDE8F08170B51C
:107BB00004460D46294604F2AA2000F07BF8012075
:107BC000C4F894024FF42C70005BC4F8980294F847
:107BD000AA0200F01F0020B1012809D0022815D107
:107BE0000DE004F2AA21204600F088F9064616E0CE
:107BF00004F2AA21204600F01AFB06460FE004F228
:107C0000AA21204600F0D1F9064608E094F8AA021D
:107C100000F08001204600F005F8064600BF00BFD6
:107C2000304670BD2DE9F04104460D460026002780
:107C30002946D4F8C802FAF7FBF806463046FFF7A3
:107C4000FCFC07463846BDE8F08170B504460025C7
:107C50000026D4F8C802FAF718FE05462846FFF7B2
:107C6000ECFC0646304670BD014691F89C020428A3
:107C700003D091F89C0281F89D02042081F89C02B7
:107C8000002070472DE9F04704460D4616461F4672
:107C90004FF00008C1463B4632462946D4F8C80298
:107CA000FAF70BF980464046FFF7C7FC8146484685
:107CB000BDE8F08770B505460E463446207828703A
:107CC000641C20786870641C2046FDF7EDFE688017
:107CD000641C641C2046FDF7E7FEA880641C641C3D
:107CE0002046FDF7E1FEE88070BD38B504460D463C
:107CF000002000900DB9032038BDC4F8B85204F537
:107D00002E70D4F8D41250F82100C06A50B104F596
:107D10002E70D4F8D42250F82200C16A68468847F1
:107D2000C4F8D002D4F8D802401CC4F8D80200200D
:107D3000E2E701460020704770B504460D46A8886A
:107D400010BBE88800BB688880281DD2A87800F0A6
:107D50007F0694F89C02032804D129462046FFF7A9
:107D6000CDF915E084F89E6231462046FFF70CFFFE
:107D70002046FFF705FA1EB1022084F89C0207E0B6
:107D8000012084F89C0203E029462046FFF7B6F95B
:107D900070BD70B504460D460026D4F8B80230B167
:107DA000D4F8B80229460268204690470646304675
:107DB00070BD000070B504460E460025B0783D4900
:107DC000087008460078012805D931462046FFF79B
:107DD00095F9032070BD94F89C02022802D0032874
:107DE00059D11FE033480078C0B132480078606054
:107DF000304801782046FFF7CCFF05463DB13146BB
:107E00002046FFF77BF9022084F89C0209E0204617
:107E1000FFF7B6F9032084F89C0202E02046FFF742
:107E2000AFF943E02348007870B9022084F89C023F
:107E30002048007860601F4801782046FFF713F95A
:107E40002046FFF79DF925E01A49097860688842C5
:107E50001DD021792046FFF706F9164800786060AA
:107E6000144801782046FFF794FF05465DB131467E
:107E70002046FFF743F921792046FFF7F4F8022066
:107E800084F89C0206E02046FFF77AF902E02046DB
:107E9000FFF776F90AE031462046FFF72FF905484B
:107EA00001782046FFF7DFF8032500BF00BF284612
:107EB00090E700008C01002070B505460C466088F4
:107EC000012805D1C5F8A4022846FFF759F90EE0AC
:107ED0006088022807D1A088001285F8A0022846F1
:107EE000FFF74EF903E021462846FFF707F970BD7A
:107EF00010B504462046FFF7A8FE10BD70B5044635
:107F00000D460026287800F0600088B1202802D0B5
:107F1000402842D100E000BF04F52E70D4F8D412FE
:107F200050F821002946826820469047064639E0ED
:107F300068780A282AD2DFE800F01A24291F290AC3
:107F40000529150F29462046FFF7DBF923E02946CE
:107F50002046FFF7F1FE1EE029462046FFF72AFFE4
:107F6000064618E029462046FFF7A0F913E0294607
:107F70002046FFF701FB0EE029462046FFF79CFF55
:107F800009E029462046FFF77CF804E02946204610
:107F9000FFF7B4F800BF00BF04E029462046FFF712
:107FA000ADF800BF00BF304670BD2DE9F047054673
:107FB0000F464FF000093C79387800F06000F8B1C6
:107FC000202802D040287DD100E000BF214628466D
:107FD000FFF776F80646FF2E11D086B9C5F8D462B1
:107FE00005F52E7050F82600806840B105F52E701A
:107FF00050F826003946826828469047814612E1AB
:10800000787800287AD001282FD003286ED195F8EF
:108010009C02022802D0032820D110E054B1802C09
:1080200008D021462846FFF7FDFD80212846FFF7AE
:10803000F9FD03E039462846FFF760F813E0788839
:1080400040B93CB1802C05D0F88818B921462846A3
:10805000FFF7E8FD2846FFF793F804E03946284685
:10806000FFF74CF800BF00BFD6E095F89C0202284D
:1080700002D003283BD110E054B1802C08D0214617
:108080002846FFF7CFFD80212846FFF7CBFD03E010
:1080900039462846FFF732F82EE0788820BB04F0F6
:1080A0007F0018B121462846FFF7FAFA2846FFF765
:1080B00067F821462846FFF703F80646FF2E13D03F
:1080C00096B900E0AAE0C5F8D46205F52E7050F824
:1080D0002600806840B105F52E7050F8260039461C
:1080E000826828469047814606E007E08FE03946DF
:1080F0002846FFF703F800BF00BF8DE095F89C020B
:10810000022802D003287BD127E034B1802C04D090
:1081100039462846FEF7F2FF77E004F08000802819
:1081200008D104F07F0000EB800105F1140000EBA2
:10813000810007E004F07F0000EB800105F5AA70E4
:1081400000EB81008046002088F80E00022208F132
:108150000E012846FFF702F857E004F0800080285F
:108160000ED104F00F0000EB800105F1140000EBCC
:108170008100C07B98B939462846FEF7BFFF44E02E
:1081800004F00F0000EB800105F5AA7000EB810000
:10819000C07B20B939462846FEF7B0FF35E004F031
:1081A0008000802808D104F07F0000EB800105F1F9
:1081B000140000EB810007E004F07F0000EB800179
:1081C00005F5AA7000EB810080460CB1802C03D12C
:1081D000002088F80E000CE021462846FFF7E6FB59
:1081E00020B1012088F80E0003E009E0002088F8A3
:1081F0000E00022208F10E012846FEF7AFFF04E050
:1082000039462846FEF77AFF00BF00BF04E0394632
:108210002846FEF773FF00BF00BF04E0394628463A
:10822000FEF76CFF00BF00BF4846BDE8F0872DE9B0
:10823000F04105460E460027307800F0600030B16E
:10824000202802D0402840D100E000BF00BF95F8B0
:108250009C02012804D0022803D003282ED101E07B
:1082600000BF00BF3079012823D831792846FEF7B6
:108270002AFF0446FF2C14D09CB905F52E7050F847
:108280002400806858B1C5F8D44205F52E7050F826
:1082900024003146826828469047074602E00327BB
:1082A00000E00327F08840B93FB92846FEF768FF91
:1082B00003E031462846FEF721FF04E03146284618
:1082C000FEF71CFF00BF00BF04E031462846FEF762
:1082D00015FF00BF00BF3846BDE8F08170470000C1
:1082E0000146014870470000C03B002070B50446BD
:1082F0000B4622461978587801282CD140F61C00EC
:1083000080581D7805F00F060125B540ADB2284311
:1083100040F61C05A85002F5106000EB4110006803
:1083200000F40040F0BB1889C0F30A001D7940EA50
:10833000854040EA815040F0805040F4004002F512
:10834000106505EB41152D68284302F5106505EB16
:10835000411528602DE040F61C0080581D7805F07E
:108360000F060125B540144E06EA0545284340F6A0
:108370001C05A85002F5306000EB4110006800F4C5
:10838000004078B91889C0F30A001D7940EA854099
:1083900040F0805040F4004002F5306505EB411597
:1083A0002D6800E005E0284302F5306505EB411536
:1083B0002860002070BD00000000FFFF01460A4653
:1083C0004FF410608058C30ADB024FF410608350F2
:1083D00040F60400805840F4807340F60400835057
:1083E000002070470FB470B504469DF819000128AD
:1083F00018D1A06B20F48030A063E0681B490840CE
:10840000E060E06820F44010E0609DF82000012862
:1084100003D1E06840F48010E060204600F028F8C6
:10842000054613E0E06840F04000E060204600F0C0
:108430001FF805469DF81D0020B9A06B40F4803060
:10844000A06303E0A06B20F48030A0639DF81600C9
:10845000012807D1A06840F00600A060A06840F0A5
:108460002000A060284670BC5DF814FBBFFFBDFF74
:1084700008B501460020009000BF0098401C009005
:108480000098B0F1706F01D9032008BD086900F0B1
:1084900000400028F1D00A20009002E00098401E21
:1084A000009000980028F9D1086940F001000861A7
:1084B00000BF0098401C00900098B0F1706F01D987
:1084C0000320E2E7086900F001000028F1D100BFB5
:1084D000DBE7000070B504460B4622461978587851
:1084E000012848D102F5106000EB4110006800F04F
:1084F0000040B0F1004F17D102F5106000EB4110C1
:10850000006840F0006502F5106000EB4110056066
:1085100002F5106000EB4110006840F0804502F564
:10852000106000EB4110056040F63C0080581D785B
:1085300005F00F060125B540ADB2A84340F63C0555
:10854000A85040F61C0080581D7805F00F06012544
:10855000B540ADB2A84340F61C05A85002F5106026
:1085600000EB411000682B4D284002F5106505EB2B
:10857000411528604BE002F5306000EB41100068C7
:1085800000F00040B0F1004F17D102F5306000EB71
:108590004110006840F0006502F5306000EB4110CA
:1085A000056002F5306000EB4110006840F0804546
:1085B00002F5306000EB4110056040F63C00805849
:1085C0001D7805F00F060125B540134E06EA054556
:1085D000A84340F63C05A85040F61C008558187882
:1085E00000F00F060120B0400B4E06EA0040854324
:1085F00040F61C00855002F5306000EB4110006829
:10860000064D284002F5306505EB41152860002035
:1086100070BD0000007833EC0000FFFF0078F3EF3E
:1086200001460A46D2F8000E20F00300C2F8000E00
:1086300040F60400805820F0020340F60400835006
:108640000020704701460A46D2F8000E20F00300D1
:10865000C2F8000E40F60400805840F0020340F6D5
:1086600004008350002070470FB4F0B50546002782
:108670002E46002405E0002105F5827040F8241004
:10868000641C0F2CF7D39DF82200A0B940F604001B
:10869000805940F0020140F604008151A86B40F47B
:1086A0000010A863A86B20F40020A863A86B20F436
:1086B0008020A86307E0A86B20F40010A863A86BD3
:1086C00040F40020A8630020C6F8000E9DF81D00AD
:1086D00001280CD19DF81B0020B90021284600F08C
:1086E0000AFD08E00121284600F005FD03E0032112
:1086F000284600F000FD1021284600F002FC00B1E1
:108700000127284600F0D5FB00B1012700214FF4D6
:1087100001608151001D815140F61C0081510024EF
:108720002EE006F5106000EB4410006800F00040F9
:10873000B0F1004F10D13CB94FF0006106F5106068
:1087400000EB441001600DE04FF0904106F5106021
:1087500000EB4410016005E0002106F5106000EB1D
:1087600044100160002106F5106000EB4410016127
:108770004FF67F3106F5106000EB44108160641CF9
:108780009DF81800A042CCD800242EE006F53060F9
:1087900000EB4410006800F00040B0F1004F10D131
:1087A0003CB94FF0006106F5306000EB4410016009
:1087B0000DE04FF0904106F5306000EB4410016091
:1087C00005E0002106F5306000EB44100160002157
:1087D00006F5306000EB441001614FF67F3106F57D
:1087E000306000EB44108160641C9DF81800A042CA
:1087F000CCD84FF40160805920F480714FF40160AF
:1088000081510020A8616FF0804068619DF81A00D6
:1088100018B9A86940F01000A861A8690A4908437E
:10882000A8619DF81E0018B1A86940F00800A86171
:108830009DF82200012803D1A86904490843A861D2
:108840003846F0BC5DF814FB00383C800400004062
:108850000146886820F00100886000207047000011
:1088600070B503460C4619461D6C1848854209D957
:108870004FF43060405800F00040B0F1004F01D19B
:10888000002070BD0026C1F8106BD1F8100B40F429
:108890000026C1F8106BD1F8100B40F01806C1F893
:1088A000106BD1F8100B40F0C046C1F8106B012CD2
:1088B00009D1C1F8142B4FF43060405840F08026A5
:1088C0004FF4306046500020DBE700000A30544F80
:1088D00030B504460B4622461978587801281ED137
:1088E00002F5106000EB4110006820F4001502F55D
:1088F000106000EB411005601879032802D0187948
:1089000002282AD102F5106000EB4110006840F007
:10891000805502F5106000EB411005601DE002F586
:10892000306000EB4110006820F4001502F5306063
:1089300000EB411005601879032802D0187902284D
:108940000BD102F5306000EB4110006840F080551B
:1089500002F5306000EB41100560002030BD30B5FD
:1089600004460B46224619785878012821D102F591
:10897000106000EB4110006800F0004060B959B190
:1089800002F5106000EB4110006820F0804502F510
:10899000106000EB4110056002F5106000EB411023
:1089A000006840F4001502F5106000EB411005600E
:1089B00020E002F5306000EB4110006800F000405C
:1089C00060B959B102F5306000EB4110006820F049
:1089D000804502F5306000EB4110056002F5306023
:1089E00000EB4110006840F4001502F5306000EB28
:1089F00041100560002030BD2DE9F84381460E4648
:108A000090464D463478707801287DD1306920BB7E
:108A100005F5106000EB44100069E649084005F5D3
:108A2000106101EB4411086105F5106000EB441082
:108A3000006940F4002105F5106000EB441001616D
:108A400005F5106000EB44100069C10CC90405F580
:108A5000106000EB441001616FE005F5106000EB61
:108A600044100069C10CC90405F5106000EB441006
:108A7000016105F5106000EB44100069CD49084024
:108A800005F5106101EB4411086194B9B1683069D2
:108A9000884201D9B068306105F5106000EB4410E0
:108AA000006940F4002105F5106000EB44100161FD
:108AB00035E0B16830690844401EB0FBF1F087B280
:108AC00005F5106000EB44100069BA49C94301EA9A
:108AD000C741084305F5106101EB44110861307985
:108AE00001281CD105F5106000EB4410006920F04E
:108AF000C04105F5106000EB4410016105F5106000
:108B000000EB4410006900E099E04FF0C04101EA39
:108B10004771084305F5106101EB4411086105F543
:108B2000106000EB441000693169C1F31201084381
:108B300005F5106101EB44110861B8F1010F36D160
:108B4000F06928B105F5106000EB4410F16941614E
:108B5000307901281ED140F60800405900F4807099
:108B600060B905F5106000EB4410006840F000515A
:108B700005F5106000EB441001600BE005F5106096
:108B800000EB4410006840F0805105F5106000EBE8
:108B90004410016005F5106000EB4410006840F0DF
:108BA000044105F5106000EB44100160FEE005F59E
:108BB000106000EB4410006840F0044105F51060BF
:108BC00000EB44100160307901280FD03069002893
:108BD000ECD040F634004059317801F00F02012109
:108BE0009140084340F634014851DFE040F6080068
:108BF000405900F4807060B905F5106000EB441036
:108C0000006840F0005105F5106000EB4410016071
:108C10000BE005F5106000EB4410006840F0805157
:108C200005F5106000EB44100160CDF80080308A3B
:108C300083B232784846F16800F0DAFAB6E005F51A
:108C4000306000EB44100069C10CC90405F53060C8
:108C500000EB4410016105F5306000EB4410006941
:108C60005449084005F5306101EB4411086104BB2B
:108C7000306908B1B0683061B068306205F53060C5
:108C800000EB44100069316AC1F31201084305F595
:108C9000306101EB4411086105F5306000EB4410D0
:108CA000006940F4002105F5306000EB44100161DB
:108CB00043E03069D0B905F5306000EB441000693D
:108CC000B168C1F31201084305F5306101EB4411AD
:108CD000086105F5306000EB4410006940F40021A4
:108CE00005F5306000EB4410016126E0B1683069A1
:108CF0000844401EB0FBF1F087B2B06878433062A0
:108D000005F5306000EB441000692A49C94301EAC7
:108D1000C741084305F5306101EB4411086105F5D1
:108D2000306000EB44100069316AC1F3120108435E
:108D300005F5306101EB44110861B8F1010F07D16D
:108D4000F06828B105F5306000EB4410F16841612E
:108D5000307901281ED140F60800405900F4807097
:108D600060B905F5306000EB4410006840F0005138
:108D700005F5306000EB441001600BE005F5306054
:108D800000EB4410006840F0805105F5306000EBC6
:108D90004410016005F5306000EB4410006840F0BD
:108DA000044105F5306000EB441001600020BDE88F
:108DB000F8830000FFFF07E078B503460024009425
:108DC00000201A464C78012C35D10C7802F510653C
:108DD00005EB4414246804F00044B4F1004F60D162
:108DE0000C7805EB4414246844F000660C7805EB1D
:108DF000441426600C7805EB4414246844F0804643
:108E00000C7805EB4414266000BF009C641C0094A1
:108E100042F21075009CAC4201D901200AE00C78A6
:108E200002F5106505EB4414246804F00044B4F125
:108E3000004FEAD035E00C7802F5306505EB4414BC
:108E4000246804F00044B4F1004F2AD10C7805EBFB
:108E50004414246844F000660C7805EB4414266042
:108E60000C7805EB4414246844F080460C7805EB3C
:108E70004414266000BF009C641C009442F21075EC
:108E8000009CAC4201D901200AE00C7802F5306563
:108E900005EB4414246804F00044B4F1004FEAD018
:108EA00000BF78BD0146886840F00100886000205E
:108EB000704708B501460020009000BF0098401C94
:108EC00000900098B0F1706F01D9032008BD0869C7
:108ED00000F000400028F1D0002000901020086130
:108EE00000BF0098401C00900098B0F1706F01D94D
:108EF0000320EBE7086900F010001028F1D00020F3
:108F0000E4E708B502460020009000BF0098401C2E
:108F100000900098B0F1706F01D9032008BD10696E
:108F200000F000400028F1D000200090202040EA0E
:108F30008110106100BF0098401C00900098B0F1B3
:108F4000706F01D90320E9E7106900F020002028A4
:108F5000F1D00020E2E710B501460B4640F60804C8
:108F6000E45804F006020AB9002006E0022A01D003
:108F7000062A01D1022000E00F2010BD01464869F9
:108F800000F00100704701460B4640F61800C25839
:108F9000001DC058024090B2704701460B4640F693
:108FA0001800C258001DC0580240100C704770B520
:108FB000024613464FF40166F45840F63406F5585D
:108FC00001F00F0625FA06F606F0010644EAC6147B
:108FD00003F5106606EB4116B66806EA040070BD9C
:108FE00010B50246134603F5306404EB4114A06843
:108FF00040F61404E458204010BD014648698A69CF
:10900000104070472DE9F04104460D46274628469A
:109010004FEA920C02F0030300210AE04FF480585B
:1090200058F80780C0F80080401C401C401C401CC1
:10903000491C6145F2D39BB100214FF4805858F888
:10904000076000BF4FEAC10826FA08F880F80080E0
:10905000491C401CA3F101081FFA88F3002BF1D131
:10906000BDE8F08170B504460E460025E06820F0AA
:10907000C040E060012E10D1E06840F00050E06098
:1090800000BF0A20F8F7F0FA0A352046FFF776FF0E
:10909000012815D0C82DF4D312E07EB9E06840F065
:1090A0008040E06000BF0A20F8F7DEFA0A3520466B
:1090B000FFF764FF20B1C82DF5D301E0012070BD9A
:1090C000C82D01D10120FAE70020F8E710B50246CB
:1090D0000B461146D1F8000820F4FE60C1F80008E4
:1090E000D1F800084FF4FE6404EA03142043C1F8E9
:1090F0000008002010BD02461346D3F800080843BC
:10910000C3F800080020704730B503461446022C0F
:1091100049D12D48814204D32C48814201D20F22EB
:1091200045E02A48814204D32948814201D20E22D7
:109130003DE02748814204D32648814201D20D22D6
:1091400035E02448814204D32348814201D20C22D5
:109150002DE02148814204D32048814201D20B22D4
:1091600025E01E48814204D31D48814201D20A22D3
:109170001DE01B48814204D31A48814201D20922D2
:1091800015E01848814204D31748814201D20822D1
:109190000DE01548814204D31448814201D20722D0
:1091A00005E0062203E00CB9092200E00922D86894
:1091B00020F47050D860D8684FF4705505EA8225C5
:1091C0002843D860002030BDC0ACD800C0E1E40026
:1091D0000024F40080730601A0491A01002D31011A
:1091E00040A44C0100366E0120ABA6010048E80106
:1091F0002DE9F04304460D461E46DDF81CC0A0468E
:109200002946BCF1000F12D1F01C870800230CE0A6
:10921000D1F8009008F5805000EB0230C0F80090C3
:10922000491C491C491C491C5B1CBB42F0D3002053
:10923000BDE8F08300BFFEE70449884202D004493C
:10924000884201D103490860704700009C02002059
:10925000C4020020D000002002480068C0F30220B1
:10926000704700000CED00E010B5002804DB0A0791
:10927000130E054A135406E00A07140E034A00F0C1
:109280000F031B1FD45410BD00E400E018ED00E0F4
:10929000EFF3058070472DED020B019820F00040A0
:1092A00001909DED000B02B07047000070B586B0D4
:1092B00004460D4600200590049003900290019012
:1092C0003E480668A81EC0B204906EE09DF81000EB
:1092D0009DF81410401AC0B2039000203849C863AA
:1092E00020789DF8041041EA002135480164607837
:1092F000334981F8540004213148416400218164DC
:109300009DF80C00082822DA0020029013E09DF856
:109310001400801C225C2A4854309DF80810491C17
:1093200042549DF80800401CC0B202909DF8140001
:10933000401CC0B205909DF808009DF80C108842B2
:10934000E5DB9DF80C00401C1D49C8641DE00020B1
:10935000029013E09DF81400801C225C18485430E1
:109360009DF80810491C42549DF80800401CC0B2EA
:1093700002909DF81400401CC0B205909DF80800B2
:109380000728E7DB08210E48C16400BF0D4B0C4ADB
:109390005432A2F118013046F7F76FFB0028F5D1DF
:1093A0009DF80400401CC0B201909DF814009DF887
:1093B000101088428ADB06B070BD0000D00000208B
:1093C0005C160020D400002010B50346002404E001
:1093D0004FF47A7000F004F8641C9C42F8D310BD7E
:1093E0000021144A1268516212490968096841F063
:1093F0000101104A1268116000BF0E490968496AEC
:109400008142FAD300BF0B490968096A41F211127F
:10941000114069B907490968096A9210114039B9C0
:1094200004490968096821F00101024A12681160C3
:1094300000BF704714040020418801810021818110
:109440009FED040A80ED040A9FED020A80ED050AF3
:10945000704700000000000000200249088048809A
:109460008880704714170020F0B5002400250028DC
:1094700001DA0125404200BF0A2690FBF6F706FB01
:109480001706303606F0FF0C2646641C01F806C0AD
:109490000A2690FBF6F00028EED12DB14FF02D0CEE
:1094A0002646641C01F806C000260E550022631EE5
:1094B00006E08E5CCF5C8F54CE54521C5B1E00BF06
:1094C0009A42F6DBF0BD000014490A780978491C7D
:1094D000124B1970124988540978192903D00021B8
:1094E0001A46117070470D490978042900DAF9E726
:1094F0000B49C97834290BD109498978084A52782F
:1095000041EA0221074A11700021044A117002E069
:109510000021024A117000BFE4E7000010010020A2
:1095200018190020FB0000201CB5344A12784AB9F3
:10953000A52801D0B52804D1314A107001222F4B43
:109540001A701CBD2D4A13781278521C2B4C2270B5
:109550002B4AD05422461278052A00DAF1E7284A2D
:109560001278A52A2FD1264A12795A2A2BD1244AB9
:109570005278244B1A70224A9278214BDB7842EAC7
:109580000323204A1278521E2DF812301D4A1278F9
:10959000521E3DF81220B2F5877F29DC194A127855
:1095A000521E3DF8122000EE102AB8EE400ABCEE22
:1095B000C00A10EE102A93B2124A1278521E124CB0
:1095C00024F8123014E00E4A1278B52A10D10C4A51
:1095D00012795B2A0CD10A4A52780C4B1A70084A4D
:1095E0009278074BDB7842EA032211B2084A1180D5
:1095F0000022024B1A7000BFA3E7000016010020F2
:109600001101002002010020FC00002003010020C5
:109610000401002010B50146214A127852B951299F
:1096200007D11F4A13781278521C1D4C22701D4A14
:10963000D15410BD512905D10122194B1A70194A74
:109640001170F6E7164A13781278521C144C2270E7
:10965000144AD154224612780A2A00D2E9E7114A64
:10966000527A522A17D1002010E0012202EB400268
:109670000C4B9A5C022303EB40030A4CE35C42EA86
:109680000322094B23F81020421CD0B20428ECDB43
:109690000122064B1A700022014B1A7000BFC8E766
:1096A0000F0100200E190020060100200E010020ED
:1096B000F8F752F9FCF762FCFBF788FAFBF7D0F9F0
:1096C000FBF7ACF9FBF730FAFBF708FBFBF772FB93
:1096D000FBF7A6FBFBF7E8FAFBF710FCFBF72AFC0D
:1096E000FBF7D4FBFBF7EEFBFBF740FCFAF7A0FE21
:1096F0004FF6FF70FAF706FDF7F738F8FBF71CFD99
:109700002248F9F7F5FD2248F9F7F2FD002121483A
:10971000FAF766F804211F48FAF762F808211D4895
:10972000FAF75EF80C211B48FAF75AF800F072F8C5
:10973000FFF792FE012218491848FAF71BFCDFEDEB
:10974000181A9FED171ADFED160A9FED150AFCF7A0
:1097500005FA012213491448FAF70CFC01221349B7
:109760001348FAF707FC012212491348FAF702FCE2
:10977000012212491248FAF7FDFB00F0A3F8FBF7AB
:1097800091F900F0B5F800BFFEE70000CC0300201F
:10979000840300203C030020F4000020EC0400209F
:1097A00000008743F700002034050020F800002067
:1097B0005C040020F9000020A4040020FA0000202E
:1097C0007C050020084880ED000A80ED010A80ED4C
:1097D000020A80ED030A80ED040A80ED050A80ED9F
:1097E000060A80ED070A7047DC070020084880ED74
:1097F000000A80ED010A80ED020A80ED030A80ED87
:10980000040A80ED050A80ED060A80ED070A70471C
:10981000FC07002010B50648FFF70EFD0120F7F702
:1098200023F8002201210846F6F7DAFF10BD0000F8
:10983000C40200202DE9FE4F05460C46904699468D
:10984000DDF830A01548405D30B1154850F82500CE
:10985000A04201D1BDE8FE8F0120104948551048B3
:1098600040F82540002C02DB0027264601E00127B6
:10987000664200EE106AB8EE400A00F095F98346A1
:1098800001204B4642463946CDE900B0CDF808A04C
:109890002846F6F7BDFF00BFDCE70000E00000202F
:1098A000F416002070B50546FFF7F2FC10B16FF01A
:1098B000050404E0002415B1284601F033F92046E0
:1098C00070BD000010B5FFF7E3FC10B16FF00504A8
:1098D00009E00648006820B9012004490860002416
:1098E00001E04FF0FF34204610BD00006C02002064
:1098F00070B5FFF7CDFC10B16FF005041FE0114803
:109900000068012819D100BF801F0021002804DB56
:109910000A07130E0C4A135406E00A07150E0B4AE9
:1099200000F00F031B1FD55400BF00BF02200549E4
:10993000086001F073F9002401E04FF0FF34204685
:1099400070BD00006C02002000E400E018ED00E0B3
:109950002DE9F84307460D4691461C463E464FF01A
:109960000008FFF795FCE0B10EB105B114B16FF03E
:10997000030828E0002000906A462946304601F09E
:10998000F1FD012802D06FF002081CE00098D0B170
:109990004FF080500D490860BFF34F8FBFF36F8FBA
:1099A00011E006B115B96FF003080CE02246294614
:1099B000304601F023FD012805D014B16FF00108F5
:1099C00001E06FF002084046BDE8F88304ED00E0D6
:1099D0002DE9F84305460E4614464FF00009FFF7FF
:1099E00057FC00283ED1002D3CD0002E3AD0471E17
:1099F000BCB1A06858B1E068502808D3206930B1E4
:109A000005FB06F06169814201D301270AE0A068E5
:109A100040B9E06830B9206920B9606910B9002701
:109A200000E00027012F09D1002000903146284690
:109A3000A368226901F0D3FA814606E02FB900221B
:109A40003146284601F09EFA8146B9F1000F09D04F
:109A500014B1D4F8008001E04FF0000841464846B8
:109A600001F024F84846BDE8F88300002DE9F843EA
:109A700007460D4691461C463E464FF00008FFF74C
:109A800007FCE8B10EB105B114B16FF003082AE08C
:109A90000020009000236A462946304601F030FC41
:109AA000012802D06FF002081DE00098D8B14FF0F5
:109AB00080500E490860BFF34F8FBFF36F8F12E0E5
:109AC00006B115B96FF003080DE0002322462946C0
:109AD000304601F041FB012805D014B16FF00108B8
:109AE00001E06FF002084046BDE8F88304ED00E0B5
:109AF0002DE9FF4780468946144600200390FFF772
:109B0000C7FB00284ED1B8F1000F4BD08026182596
:109B10008246471E44B3206808B1D4F800A0A0696B
:109B200000B1A5692DB1382D03D8207900F00100CE
:109B300018B1002004B0BDE8F087606908B1606921
:109B40008608A06840B1E0685C2805D3206918B198
:109B5000606908B1012708E0A06830B9E06820B961
:109B6000206910B9002700E00027012F0CD12169DE
:109B7000A0684B463246CDE900510290514640461E
:109B800001F0CEFD03900DE067B903A8B2B24B46D9
:109B90005146CDE90050404601F090FD012801D02A
:109BA000002003900398C5E7B5EEC00AF1EE10FA65
:109BB00001D800207047DFED080A60EE200ADFEDD3
:109BC000071A80EEA11AF6EE000A71EE200AFCEEEA
:109BD000E00A10EE900AEDE7000048450000B443AB
:109BE0002DE9F04105460E461648076816480068FC
:109BF000001D00F00DFE681C38B936B1124801682E
:109C0000091D124800F05CFE1AE07C190E4800683D
:109C10004460BC4207D20C480168091D0C4800682A
:109C200000F034FE0CE008480168091D094800688E
:109C300000F02CFE08480068844201D20648046007
:109C4000BDE8F081300200201C020020D04200203C
:109C500024020020200200204C02002010B50446FF
:109C600000F03AFE24480068401C2349086023485D
:109C7000006840B9214804600846006801280DD1F9
:109C800000F0FCF90AE01E48006838B91B4800687B
:109C9000C06AE16A884201D818480460194800681F
:109CA000401C184908600846006860641649E06A6C
:109CB0000968884202D91449E06A0860E16A01EB48
:109CC0008101124A02EB8100211D00F0F9FD00F034
:109CD0002DFE0B48006868B108480068C06AE16A58
:109CE000884207D24FF0805009490860BFF34F8F78
:109CF000BFF36F8F10BD00002C0200201C0200205B
:109D0000380200204802002034020020203E0020BB
:109D100004ED00E008B500F0DFFD12480068E8B986
:109D2000114800F0A3FD114800F0A0FD0E481049B5
:109D300008600E480F49086000200F4B0F4A1021A1
:109D400000900A2001F04BF90649086008460068B7
:109D500020B10BA10348006800F0A8FE00F0E6FD6A
:109D600008BD000060020020E4420020F84200200C
:109D7000580200205C0200200C4300205C430020BD
:109D8000546D72510000000010B516E000F0A4FD03
:109D90000C48C068C468201D00F03AFD0A480068FD
:109DA000401E0949086009480068401E07490860CC
:109DB00000F0BCFD204600F05FF804480068002871
:109DC000E4D110BDBC4200202C020020280200205B
:109DD00070B504460D46206C70B1216CE0680144FA
:109DE000E160D4E90210884201D32168E16028468D
:109DF000226CE168F6F72FFB70BD2DE9F0410446B7
:109E00000F4615464FF00008A66B206C48B9206835
:109E100000282CD1A06801F099FD80460020A060A8
:109E200025E07DB93946226C6068F6F714FB216C99
:109E3000606808446060D4E90101884217D3206853
:109E4000606014E03946226CE068F6F704FB216C90
:109E5000E068411AE1602168E068884203D2216C21
:109E6000A068411AE160022D01D106B1761E701C76
:109E7000A0634046BDE8F08110B5044694F859004F
:109E800030B9206B00F070FD204600F06DFD1AE047
:109E900094F85900012803D1204600F065FD12E036
:109EA00094F85900022801D1012000E0002050B9A7
:109EB00000BF502080F31188BFF34F8FBFF36F8F27
:109EC00000BF00BFFEE710BD0146084A12681268D5
:109ED0000AB9012200E000220A600A6822B9034A96
:109EE0001268D268106800E0002070475802002015
:109EF00030B54FF47053174800F007042CB1C01D63
:109F000020F00700134C041B1B1B0246124C22605E
:109F10000024114D6C60D018083820F007000F4C59
:109F2000206000240D4D2D686C600C4D2D682C6058
:109F30001146441A4C60094C24680C60084D4C686A
:109F40002C60084D4C682C604FF00044064D2C608E
:109F500030BD0000B44A00207002002078020020CA
:109F6000800200207C0200208C02002000BFFFF74E
:109F70000BFF064800680128F9D94FF080500449CA
:109F80000860BFF34F8FBFF36F8FF0E7203E0020D4
:109F900004ED00E02DE9F04106460D4617469846CF
:109FA000069C0DB9246000E02760E663256401216A
:109FB000204601F085F884F84C80BDE8F0812DE959
:109FC000F05F82460E4690469B460A9F0C9C4FEAE5
:109FD0008801A522206BF6F783FAA8F10100216B16
:109FE00001EB800929F0070909F0070008B90120F1
:109FF00000E0002050B900BF502080F31188BFF36B
:10A000004F8FBFF36F8F00BF00BFFEE786B1002503
:10A0100007E0715D04F134004155705D00B902E064
:10A020006D1C102DF5D300BF00214320015502E027
:10A03000002084F83400382F00D33727E762E76424
:10A0400000202065201D00F01EFC04F1180000F027
:10A050001AFC2461C7F13800A061646200206065C9
:10A0600084F858005A465146484600F075FB206077
:10A070000B9808B10B980460BDE8F09F10B5002460
:10A0800007E004EB84010F4A02EB810000F0EEFBD5
:10A09000641C382CF5D30C4800F0E8FB0B4800F0AA
:10A0A000E5FB0B4800F0E2FB0A4800F0DFFB0A4842
:10A0B00000F0DCFB044809490860044808490860CE
:10A0C00010BD0000203E002080420020944200206D
:10A0D000A8420020BC420020D042002020020020E4
:10A0E0002402002010B50146164800E0006803680D
:10A0F0008B42FBD30246436813448B4204D143682E
:10A100004C682344436001460A464B681344046884
:10A11000A34211D10C4C03682468A34208D04B68B9
:10A120000468646823444B6003681B680B6005E0A7
:10A13000054B1B680B6001E003680B60884200D090
:10A14000016010BD70020020780200202DE9F0416E
:10A1500004460D4616461F464FF000086560246110
:10A16000B5420CD8F01BA169884202D34FF0010818
:10A1700011E0211D0948006800F088FB0BE0BE4299
:10A1800004D2BD4202D34FF0010804E0211D04486F
:10A19000006800F07BFB4046BDE8F0815C020020D7
:10A1A0005802002070B5054600F096FBA86B08B970
:10A1B000012400E0002400F0B9FB204670BD70B51A
:10A1C000054600F089FBA86BE96B884201D10124A8
:10A1D00000E0002400F0AAFB204670BDF8B505465B
:10A1E0000F461A480068C068C468201D00F010FBC4
:10A1F00094F8280000F00400E8B1A06941192B464A
:10A200003A462046FFF7A2FFD8B1002003462A466F
:10A2100001460090204601F0F5FC064656B900BF05
:10A22000502080F31188BFF34F8FBFF36F8F00BFB3
:10A2300000BFFEE705E094F8280020F0010084F854
:10A2400028002046216A8847F8BD000058020020F7
:10A25000F0B587B0A0E00398002811DA04AE56B933
:10A2600000BF502080F31188BFF34F8FBFF36F8F73
:10A2700000BF00BFFEE7D6E90020B168904700BFED
:10A2800003980028E6DB059C606908B9012000E01E
:10A29000002010B9201D00F0BBFA02A800F0DEF883
:10A2A000054603980A2875D2DFE800F0090507394A
:10A2B000416306083A4200BF00BF00BF00BF94F8E8
:10A2C000280040F0010084F828000498A269811851
:10A2D00003462A462046FFF739FFF8B12046216A97
:10A2E000884794F8280000F00400B8B100200090DE
:10A2F0000498A169421800231946204601F082FC07
:10A30000074657B900BF502080F31188BFF34F8F25
:10A31000BFF36F8F00BF00BFFEE700BF3BE000BF91
:10A3200094F8280020F0010084F8280033E000BFF2
:10A3300094F8280040F0010084F828000498A061F7
:10A34000A06908B1012000E0002050B900BF5020F2
:10A3500080F31188BFF34F8FBFF36F8F00BF00BF33
:10A36000FEE7A06941192B462A462046FFF7EEFE7C
:10A3700011E094F8280000F0020018B9204600F01F
:10A38000F3FA05E094F8280020F0010084F8280092
:10A3900001E0FFE700BF00BF002203A904480068F6
:10A3A00001F02CF800287FF456AF07B0F0BD000094
:10A3B00060020020F8B505460C4600F08BFC6846AC
:10A3C00000F04CF80646009820BB44B9B54206D8C8
:10A3D00001F05AFB31462846FFF700FF1CE03CB174
:10A3E0000E480068006808B9012000E0002004461B
:10A3F000A91B22460A48006800F06EFB01F044FBEE
:10A4000050B94FF0805007490860BFF34F8FBFF33A
:10A410006F8F01E001F038FBF8BD00005C02002006
:10A420006002002004ED00E00A490968096809B9E2
:10A43000012100E0002121B14FF0FF31064A1160F7
:10A4400006E004490968C968C868034A41681160A0
:10A4500070470000200200204C02002070B5044626
:10A4600001F0CCF9054607480068854204D200F0A7
:10A470000BF80120206001E0002020600148056009
:10A48000284670BD680200202DE9F84334E02548D5
:10A490000068C068056823480068C068C468201D5B
:10A4A00000F0B6F92046216A884794F8280000F0A9
:10A4B000040008B3A0694619AE4207D9666024615A
:10A4C000211D1848006800F0E1F915E0002003465E
:10A4D0002A4601460090204601F094FB074657B9F2
:10A4E00000BF502080F31188BFF34F8FBFF36F8FF1
:10A4F00000BF00BFFEE700BF0A480068006808B957
:10A50000012000E000200028C1D00648D0F80080DB
:10A5100005480068034908600348C0F80080BDE8AA
:10A52000F8830000580200205C0200200E480068FA
:10A53000401C08B9012000E0002050B900BF5020A5
:10A5400080F31188BFF34F8FBFF36F8F00BF00BF41
:10A55000FEE700BF502080F31188BFF34F8FBFF399
:10A560006F8F00BF00BFFEE79002002008B500BF5C
:10A570006846FFF7A9FC044620460099FFF71AFF3A
:10A58000FFF766FEF4E770B5044600F0A5F994F90C
:10A59000455010E0606A08B9012000E0002038B999
:10A5A00004F1240001F024FA18B100F0F5FA00E0FB
:10A5B00003E0681E45B2002DECDC00BFFF2084F8EC
:10A5C000450000F0B3F900F087F994F9445010E029
:10A5D000206908B9012000E0002048B904F110000A
:10A5E00001F006FA08B100F0D7FA681E45B200E0A3
:10A5F00001E0002DECDC00BFFF2084F8440000F0F7
:10A6000095F970BD2DE9F04104464FF0000800F0C7
:10A6100061FB4B48006808B9FFF76AFC49480068CD
:10A620002040002870D1D4B1083404F00700B0B144
:10A6300004F00700C0F10800044404F0070008B962
:10A64000012000E0002050B900BF502080F31188A5
:10A65000BFF34F8FBFF36F8F00BF00BFFEE7002C2B
:10A6600052D03948006884424ED8384E304605688A
:10A6700001E02E462D686868A04202D228680028B2
:10A68000F7D12F48006885423ED0306800F10808B5
:10A69000286830606868001B102819D92F1907F046
:10A6A000070008B9012000E0002050B900BF502089
:10A6B00080F31188BFF34F8FBFF36F8F00BF00BFD0
:10A6C000FEE76868001B78606C603846FFF70AFD9B
:10A6D0001D4968680968081A1B490860084600682F
:10A6E0001B490968884203D2174800681849086066
:10A6F00014496868096808436860002028601548A4
:10A700000068401C1349086001F0BEF9B8F1000F61
:10A7100001D100F0A9F808F0070008B9012000E015
:10A72000002050B900BF502080F31188BFF34F8F35
:10A73000BFF36F8F00BF00BFFEE74046BDE8F0816A
:10A74000780200208C0200207C0200207002002091
:10A750008002002084020020001F4FF080730360FD
:10A76000001F21F001030360001F054B0360143834
:10A770000260001F6FF00203036020387047000082
:10A780002DA50008FEB506460C461546304600F0DD
:10A7900033F82E2000F01CF8204600F02DF83D2064
:10A7A00000F016F8002000900190029069462846BB
:10A7B000FEF75AFE684600F01FF8FF2000F008F888
:10A7C000FF2000F005F8FF2000F002F8FEBD0000B9
:10A7D00038B50446009400BF064800680068C0F31E
:10A7E00080100028F8D0012269460248F9F738FCA9
:10A7F00038BD0000EC04002010B5044603E014F856
:10A80000010BFFF7E5FF207808B1002CF7D110BD50
:10A8100001460A69D1E901309860D1E90103586025
:10A820005068884201D18868506000200861106833
:10A83000401E106010687047034B0360034B0B60B1
:10A840008023136070470000FC4300205844002020
:10A85000034B0360034B0B604FF48073136070472E
:10A8600058460020B44600207047704700F10801A8
:10A8700041604FF0FF31816000F10801C16001616A
:10A8800000210160704700210161704710B5024648
:10A890000B685C1C0CB9106907E002F1080000E0CD
:10A8A0004068446824689C42FAD944684C604C680B
:10A8B000A160886041600A611468641C146010BD66
:10A8C00042684A6093688B60936859609160086140
:10A8D00003685B1C0360704700BF502080F3118841
:10A8E000BFF34F8FBFF36F8F00BF0E480068401C4F
:10A8F0000C49086008460068012812D10A4800681F
:10A90000C0B208B9012000E0002050B900BF5020BB
:10A9100080F31188BFF34F8FBFF36F8F00BF00BF6D
:10A92000FEE770479002002004ED00E00D4800684B
:10A9300050B900BF502080F31188BFF34F8FBFF391
:10A940006F8F00BF00BFFEE706480068401E054944
:10A9500008600846006820B9002080F3118800BF15
:10A9600000BF70479002002070B506463546002EA5
:10A9700044D0083D2C46224960680968084008B167
:10A98000012000E0002050B900BF502080F3118862
:10A99000BFF34F8FBFF36F8F00BF00BFFEE720688C
:10A9A00008B9012000E0002050B900BF502080F31A
:10A9B0001188BFF34F8FBFF36F8F00BF00BFFEE75B
:10A9C0000F49606809680840C0B12068B0B90C49F7
:10A9D000606809688843606000F07CF90949606834
:10A9E00009680844074908602046FFF77BFB0648D2
:10A9F0000068401C0449086001F046F870BD000082
:10AA00008C0200207C0200208802002000204FF0F1
:10AA1000E02108618861064800684FF47A71B0FB54
:10AA2000F1F0401E4FF0E0214861072008617047B7
:10AA30008801002070B5F5F773FC0446102C16D37E
:10AA400004F1E02090F8F05315480078854201DBCE
:10AA5000012000E0002050B900BF502080F3118891
:10AA6000BFF34F8FBFF36F8F00BF00BFFEE70D48EE
:10AA7000006800F4E0600C490968884201D80120B0
:10AA800000E0002050B900BF502080F31188BFF3D0
:10AA90004F8FBFF36F8F00BF00BFFEE770BD000098
:10AAA000940200200CED00E09802002002460020F5
:10AAB0000BE0084B53F8303033B9064B43F83010F5
:10AAC00003EBC0035A6002E0401C0828F1D300BF2A
:10AAD00070470000E03D00202DE9F04105460E469C
:10AAE00017462C46FFF7F8FE94F94400401C10B9B5
:10AAF000002084F8440094F94500401C10B900205F
:10AB000084F84500FFF712FFA06B28B93A4631469A
:10AB100004F1240000F062F82046FFF734FDBDE8A0
:10AB2000F081000070B504460025D4B112480068D9
:10AB300008B9012000E0002050B900BF502080F388
:10AB40001188BFF34F8FBFF36F8F00BF00BFFEE7C9
:10AB500000F0C0F800212046FFF742F800F094FF13
:10AB600005463DB94FF0805004490860BFF34F8F50
:10AB7000BFF36F8F70BD00005402002004ED00E0B1
:10AB80000349096801600349096841607047000092
:10AB90004402002030020020012001490860704773
:10ABA0004002002070B504460D4654B900BF502045
:10ABB00080F31188BFF34F8FBFF36F8F00BF00BFCB
:10ABC000FEE70548016818312046FFF75FFE0121C6
:10ABD0002846FFF705F870BD1C02002070B5054639
:10ABE0000E46144655B900BF502080F31188BFF3BC
:10ABF0004F8FBFF36F8F00BF00BFFEE706480168AD
:10AC000018312846FFF75CFE0CB14FF0FF362146A5
:10AC10003046FEF7E5FF70BD1C02002010B586B07F
:10AC200000200590049003AA04A905A8FFF704FEDC
:10AC30000022DDE904101346CDE9002102901EA197
:10AC40001F48039A00F06CFD1E4908600846006822
:10AC500008B1012400E00024012C02D100F096FF8D
:10AC60000446012C15D100BF502080F31188BFF39A
:10AC70004F8FBFF36F8F00BF4FF0FF301249086056
:10AC800001201249086000201149086000F0ACF86A
:10AC900010E0601C08B1012000E0002050B900BFA6
:10ACA000502080F31188BFF34F8FBFF36F8F00BF29
:10ACB00000BFFEE706B010BD49444C45000000004F
:10ACC0006D9F0008500200204C0200203802002036
:10ACD0003002002002480068401C014908607047AB
:10ACE0005402002070B52C48006818B101202B498F
:10ACF00008604FE000202949086029480068046B7B
:10AD00004FF0A5352068B0F1A53F0BD16068B0F1D8
:10AD1000A53F07D1A068B0F1A53F03D1E068B0F12D
:10AD2000A53F05D01E48016834310068FFF79DFD3E
:10AD30001C4801680CE051B900BF502080F3118815
:10AD4000BFF34F8FBFF36F8F00BF00BFFEE7491EF9
:10AD500001EB8100144A52F8200008B9012000E0FC
:10AD600000200028E7D101EB81020F4B03EB8200AA
:10AD700042685268426000F108024368934202D17F
:10AD80004268526842604268D268054B1A600548C2
:10AD9000016000BF70BD000054020020400200208E
:10ADA0001C02002034020020203E00200D4989882A
:10ADB000B1F5FA7F00DB70470A494A88891D88543B
:10ADC000891F4988491C4FF4FA7291FBF2F302FB88
:10ADD0001311044A518011468988491C918000BF93
:10ADE000E9E70000141700201CB5524800685249DA
:10ADF000884201D0012000E0002050B900BF50205F
:10AE000080F31188BFF34F8FBFF36F8F00BF00BF78
:10AE1000FEE7484800684849491E884201D00120A1
:10AE200000E0002050B900BF502080F31188BFF32C
:10AE30004F8FBFF36F8F00BF00BFFEE73F4908464B
:10AE400000780190FF200A461070084600780090B4
:10AE50009DF8000000F0F0009DF80020904201D124
:10AE6000012000E0002050B900BF502080F311887D
:10AE7000BFF34F8FBFF36F8F00BF00BFFEE79DF89A
:10AE8000000000F050002E4A107007202D4A10607C
:10AE900009E02C480068401E2A4A10609DF8000016
:10AEA0004006000E00909DF8000000F08000802811
:10AEB000EFD024480068C0F10700042801D1012028
:10AEC00000E0002050B900BF502080F31188BFF38C
:10AED0004F8FBFF36F8F00BF00BFFEE719480068B8
:10AEE0000002184A10601046008800F4E06010600C
:10AEF000124A019810700F482030006840F470002A
:10AF00000C49203108600846006840F07040086035
:10AF1000FFF77CFD00200C490860F5F7C9F90B48E4
:10AF2000006840F0404009490860F5F7ADF900209D
:10AF30001CBD000000ED00E071C20F4100E400E024
:10AF400094020020980200209002002034EF00E0DC
:10AF500010B500BF502080F31188BFF34F8FBFF3AF
:10AF60006F8F00BF00F050FC18B14FF080500449C3
:10AF7000086000BF002080F3118800BF10BD0000F2
:10AF800004ED00E02DE9F84305460E4617460DB1E5
:10AF9000012000E0002050B900BF502080F311884C
:10AFA000BFF34F8FBFF36F8F00BF00BFFEE705FBFE
:10AFB00006F808F15000FFF725FB044664B1A146EE
:10AFC00009F15009002084F846003B464A463146C4
:10AFD00028460094FEF7DEFF2046BDE8F8832DE901
:10AFE000F84380460E4617461D46DDF82090B8F11E
:10AFF000000F01D0012000E0002050B900BF502018
:10B0000080F31188BFF34F8FBFF36F8F00BF00BF76
:10B01000FEE70DB1012000E0002050B900BF502034
:10B0200080F31188BFF34F8FBFF36F8F00BF00BF56
:10B03000FEE707B10EB1012000E0002050B900BFCB
:10B04000502080F31188BFF34F8FBFF36F8F00BF85
:10B0500000BFFEE707B90EB9012000E0002050B99B
:10B0600000BF502080F31188BFF34F8FBFF36F8F65
:10B0700000BF00BFFEE7502000900098502801D18B
:10B08000012000E0002050B900BF502080F311885B
:10B09000BFF34F8FBFF36F8F00BF00BFFEE700BF4E
:10B0A0002C464CB1012084F846004B463A463146C6
:10B0B00040460094FEF76EFF2046BDE8F88300008E
:10B0C00070B505460E462C4654B900BF502080F39B
:10B0D0001188BFF34F8FBFF36F8F00BF00BFFEE734
:10B0E000FFF7FAFBD4E90F12206801FB0200A06011
:10B0F0000020A06320686060E06B401E226C216825
:10B1000000FB0211E160FF2084F8440084F8450050
:10B110009EB9206908B9012000E00020A8B904F117
:10B12000100000F065FC80B14FF0805009490860C4
:10B13000BFF34F8FBFF36F8F07E004F11000FFF7ED
:10B1400095FB04F12400FFF791FBFFF7EFFB0120D3
:10B1500070BD000004ED00E02DE9FF4383B006461A
:10B1600088461D464FF00009344654B900BF5020B0
:10B1700080F31188BFF34F8FBFF36F8F00BF00BF05
:10B18000FEE7B8F1000F01D1206C08B9012000E002
:10B19000002050B900BF502080F31188BFF34F8FBB
:10B1A000BFF36F8F00BF00BFFEE7022D02D1E06B3F
:10B1B000012801D1012000E0002050B900BF50203B
:10B1C00080F31188BFF34F8FBFF36F8F00BF00BFB5
:10B1D000FEE700F003FB08B9059808B9012000E07C
:10B1E000002050B900BF502080F31188BFF34F8F6B
:10B1F000BFF36F8F00BF00BFFEE700BFFFF76CFB20
:10B20000A06BE16B884201D3022D28D12A4641462A
:10B210002046FEF7F2FD0746606A08B9012000E00B
:10B22000002068B904F1240000F0E2FB88B14FF07F
:10B23000805032490860BFF34F8FBFF36F8F08E033
:10B240003FB14FF080502D490860BFF34F8FBFF3DF
:10B250006F8FFFF76BFB012007B0BDE8F083059807
:10B2600018B9FFF763FB0020F6E7B9F1000F04D12E
:10B2700001A8FFF785FC4FF00109FFF757FBFFF727
:10B2800029FDFFF729FB94F94400401C10B9002068
:10B2900084F8440094F94500401C10B9002084F85B
:10B2A0004500FFF743FB05A901A800F0C1F9F0B97B
:10B2B0002046FEF784FFA0B104F110000599FFF7C6
:10B2C00071FC2046FFF75FF900F0DEFB002895D106
:10B2D0004FF0805009490860BFF34F8FBFF36F8F65
:10B2E0008CE72046FFF74FF900F0CEFB86E72046BB
:10B2F000FFF749F900F0C8FB0020ADE704ED00E0DE
:10B300002DE9F84F07468A4690461E463C4654B9FA
:10B3100000BF502080F31188BFF34F8FBFF36F8FB2
:10B3200000BF00BFFEE7BAF1000F01D1206C08B9E1
:10B33000012000E0002050B900BF502080F31188A8
:10B34000BFF34F8FBFF36F8F00BF00BFFEE7022E2A
:10B3500002D1E06B012801D1012000E0002050B9AA
:10B3600000BF502080F31188BFF34F8FBFF36F8F62
:10B3700000BF00BFFEE7FFF75DFB00BF5021EFF30A
:10B38000118081F31188BFF34F8FBFF36F8F00BF20
:10B390000546A06BE16B884201D3022E25D194F9BA
:10B3A00045B0A06B0090324651462046FEF725FD81
:10B3B0000BF1010088B9606A08B9012000E00020A3
:10B3C00050B904F1240000F013FB28B1B8F1000FCC
:10B3D00002D00120C8F8000004E00BF1010040B2E7
:10B3E00084F845004FF0010901E04FF0000900BF6B
:10B3F00085F3118800BF4846BDE8F88F2DE9F74175
:10B4000083B005460E464FF000082C4654B900BFE5
:10B41000502080F31188BFF34F8FBFF36F8F00BFB1
:10B4200000BFFEE70EB9206C08B9012000E0002043
:10B4300050B900BF502080F31188BFF34F8FBFF386
:10B440006F8F00BF00BFFEE700F0C8F908B905988C
:10B4500008B9012000E0002050B900BF502080F35F
:10B460001188BFF34F8FBFF36F8F00BF00BFFEE7A0
:10B4700000BFFFF731FAA76BF7B131462046FEF760
:10B48000A7FC781EA063206908B9012000E0002015
:10B4900060B904F1100000F0ABFA38B14FF0805001
:10B4A0002F490860BFF34F8FBFF36F8FFFF73EFA4E
:10B4B000012006B0BDE8F081059818B9FFF736FA0B
:10B4C0000020F6E7B8F1000F04D101A8FFF758FB00
:10B4D0004FF00108FFF72AFAFFF7FCFBFFF7FCF932
:10B4E00094F94400401C10B9002084F8440094F9F9
:10B4F0004500401C10B9002084F84500FFF716FAFB
:10B5000005A901A800F094F8F0B92046FEF74AFE1C
:10B51000A0B104F124000599FFF744FB2046FFF792
:10B5200032F800F0B1FA0028A3D14FF080500C4956
:10B530000860BFF34F8FBFF36F8F9AE72046FFF786
:10B5400022F800F0A1FA94E72046FFF71CF800F07B
:10B550009BFA2046FEF726FE00288AD00020A8E7A6
:10B5600004ED00E02DE9F05F0646894617463446B3
:10B5700054B900BF502080F31188BFF34F8FBFF341
:10B580006F8F00BF00BFFEE7B9F1000F01D1206C43
:10B5900008B9012000E0002050B900BF502080F31E
:10B5A0001188BFF34F8FBFF36F8F00BF00BFFEE75F
:10B5B000FFF740FA00BF5021EFF3118081F31188AB
:10B5C000BFF34F8FBFF36F8F00BF0546D4F838A08D
:10B5D000BAF1000F22D094F944B049462046FEF754
:10B5E000F7FBAAF10100A0630BF1010070B920691B
:10B5F00008B9012000E0002068B904F1100000F053
:10B60000F7F940B13FB10120386004E00BF10100CF
:10B6100040B284F844004FF0010801E04FF0000808
:10B6200000BF85F3118800BF4046BDE8F09F0000D1
:10B6300070B505460C4655B900BF502080F31188FF
:10B64000BFF34F8FBFF36F8F00BF00BFFEE754B94A
:10B6500000BF502080F31188BFF34F8FBFF36F8F6F
:10B6600000BF00BFFEE7FFF737F9124802686868BD
:10B67000131A2068401C08B9002617E00E492868F4
:10B680000968884204D06868904201D801260DE01C
:10B690002068984207D92068C01A20602846FFF722
:10B6A0006FFA002602E0002020600126FFF73EF935
:10B6B000304670BD30020020440200202DE9FF4FCB
:10B6C00085B0804689461746DDE912ABB800FEF723
:10B6D00099FF064656B15C20FEF794FF04460CB174
:10B6E000266304E03046FFF73FF900E000248CB108
:10B6F000002084F85900CDE900ABCDE902403A467C
:10B7000049464046089BFEF75AFC2046FEF7A6FA3B
:10B71000012501E04FF0FF35284609B0BDE8F08F64
:10B720002DE9F04F85B00746884691469A46DDE9F7
:10B730000EB6109C0EB1012000E0002050B900BFF1
:10B74000502080F31188BFF34F8FBFF36F8F00BF7E
:10B7500000BFFEE70CB1012000E0002050B900BF9F
:10B76000502080F31188BFF34F8FBFF36F8F00BF5E
:10B7700000BFFEE75C20039003985C2801D1012004
:10B7800000E0002050B900BF502080F31188BFF3C3
:10B790004F8FBFF36F8F00BF00BFFEE700BFB4B194
:10B7A000AEB125462C462E63022085F859000020B4
:10B7B00004A953464A46CDE900B1CDE902504146BD
:10B7C0003846FEF7FCFB2846FEF748FA01E0002069
:10B7D0000490049805B0BDE8F08F000005490968A1
:10B7E00009B9012005E00449096809B9022000E00F
:10B7F00000207047380200205402002001490868E8
:10B8000070470000300200202DE9F0414FF00008A1
:10B810004348006800287BD142480068451C4148E5
:10B82000056015BB40480068006808B9012000E0C9
:10B83000002050B900BF502080F31188BFF34F8F14
:10B84000BFF36F8F00BF00BFFEE737480768374878
:10B850000068354908603548076035480068401C75
:10B8600033490860FEF7E0FD00BF324800688542BA
:10B870003BD300BF2C480068006808B9012000E0F5
:10B88000002020B14FF0FF302A4908602CE0264804
:10B890000068C068C4686668B54202D22548066080
:10B8A00022E0201DFEF7B4FFA06A18B104F11800D1
:10B8B000FEF7AEFF2049E06A0968884202D91E49B6
:10B8C000E06A0860E16A01EB81011C4A02EB810039
:10B8D000211DFEF7F5FF1A49E06A0968C96A884226
:10B8E000C8D34FF00108C5E700BF15480068C06A1B
:10B8F00000EB8000114951F82000012801D94FF0D8
:10B9000001081048006808B14FF0010805E0FFE7A2
:10B910000D480068401C0C4908604046BDE8F081B5
:10B9200054020020300200202002002024020020C7
:10B93000440200204C02002034020020203E00205F
:10B940001C020020400200203C02002070B5054689
:10B950002C460026002D43D022480068844201D1A5
:10B96000012000E0002050B900BF502080F3118872
:10B97000BFF34F8FBFF36F8F00BF00BFFEE7206D97
:10B9800050B900BF502080F31188BFF34F8FBFF331
:10B990006F8F00BF00BFFEE7206D401E2065E16C89
:10B9A000E06A88421CD0206DD0B9201DFEF730FF20
:10B9B000E06CE062E06AC0F13800A0610A49E06A28
:10B9C0000968884202D90849E06A0860E16A01EB27
:10B9D0008101064A02EB8100211DFEF771FF01265D
:10B9E000304670BD1C02002034020020203E0020A2
:10B9F00070B50646F068C46854B900BF502080F3A3
:10BA00001188BFF34F8FBFF36F8F00BF00BFFEE7FA
:10BA100004F11800FEF7FCFE15480068A0B9201DCF
:10BA2000FEF7F6FE1349E06A0968884202D9114917
:10BA3000E06A0860E16A01EB81010F4A02EB8100D4
:10BA4000211DFEF73DFF04E004F118010B48FEF74D
:10BA500037FF0B49E06A0968C96A884204D90125A1
:10BA600001200849086000E00025284670BD00005C
:10BA70005402002034020020203E0020A842002072
:10BA80001C0200204002002070B500240026364829
:10BA9000006850B900BF502080F31188BFF34F8F6A
:10BAA000BFF36F8F00BF00BFFEE7FEF715FF2E4804
:10BAB0000068401E2C4908600846006800284ED1E6
:10BAC0002A48006800284AD023E02948C068C46892
:10BAD00004F11800FEF79CFE201DFEF799FE254993
:10BAE000E06A0968884202D92249E06A0860E16A8E
:10BAF00001EB8101204A02EB8100211DFEF7E0FEEF
:10BB00001E49E06A0968C96A884202D301201C49BB
:10BB100008601748006808B9012000E000200028EC
:10BB2000D3D00CB1FEF780FC1648056865B100BFA4
:10BB3000FFF76AFE10B10120114908606D1E002D4B
:10BB4000F6D100200F4908600D48006838B1012681
:10BB500030070D490860BFF34F8FBFF36F8FFEF7BB
:10BB6000E5FE304670BD0000540200202C0200208B
:10BB7000A842002034020020203E00201C020020A9
:10BB8000400200203C02002004ED00E010B586B029
:10BB90000024FEF7BFF816480068D0B100200590D9
:10BBA000049003AA04A905A8FEF752FE0222DDE9CB
:10BBB00004100023CDE9002102900EA10F48039A42
:10BBC000FFF7AEFD0E4908600846006800B1012489
:10BBD00000BF54B900BF502080F31188BFF34F8FCE
:10BBE000BFF36F8F00BF00BFFEE7204606B010BD59
:10BBF00060020020546D7220537663006DA500082A
:10BC0000640200202DE9FF4704460D4616461F46F4
:10BC1000DDF830804FF0000954B900BF502080F3A8
:10BC20001188BFF34F8FBFF36F8F00BF00BFFEE7D8
:10BC30001448006810B3009501960294062D15DA99
:10BC4000FFF7CCFD022808D10023424669460D4883
:10BC50000068FFF781FA814610E000231A46694622
:10BC600008480068FFF778FA814607E000233A4663
:10BC7000694604480068FFF743FB8146484604B024
:10BC8000BDE8F08760020020491058BFC1F1404173
:10BC90005B1058BFC3F140438B42EFF30080704705
:10BCA00051EA030C17D41CF5801F58BFBCF5801F48
:10BCB00000F10680994218BF704708BF9042704754
:10BCC00007D711F5801F58BF13F5801F19D499426B
:10BCD0007047894270471CF5801F08D5BCF5801F4E
:10BCE000F7D58B4218BF704708BF824270474FF4A8
:10BCF000001C1CEB410F38BF1CEB430F01D28B42E1
:10BD0000704770B500F008F8922449004FF00051D8
:10BD10004FF08053FFF7B8BF0EF1020E2EF0030E66
:10BD20005EF8046B364205D4012A43EB030515F592
:10BD3000001F12D8012841EB010C1CF5001F0CD884
:10BD40000ED14FEAD17C15F5001F0CEB4C0C0CF119
:10BD5000020C08BF4CEBD37C04E04FF0080C01E070
:10BD60004FEAD37C0CEB4C0526FA05F606F00706E5
:10BD7000B6F1040C06D20EEB860CBDE870404CF018
:10BD8000010C6047DFE80CF0090B02024FF00041A4
:10BD90004FF00000A1F5002170BD194610460128A2
:10BDA00051EB010418BFD4F5001484BF002001F04A
:10BDB000004170BD0808A0F500114FEA310170473D
:10BDC00043004FEAD30C4FEA3C0C43401FBF4007EF
:10BDD0000CF1605113F0FE4F70471CF0006F03D15F
:10BDE00000200CF0004170470CF0004343EA507013
:10BDF00010B540EACC0000F00EF800BF0000009241
:10BE00004FEA0001FFF7D6BF4FF000414FF00000AE
:10BE1000A1F5002170470EF1020E2EF0030E5EF820
:10BE2000044B244204D44FEA4102B2F17F4F11D8AF
:10BE30004FEA4003B3F17F4F0CD80ED14FEAD07CCC
:10BE4000B2F17F4F0CEB4C0C0CF1020C08BF4CEB29
:10BE5000D17C04E04FF0080C01E04FEAD17C0CEB00
:10BE60004C0324FA03F404F00704B4F1040C06D2E2
:10BE70000EEB840CBDE810404CF0010C6047DFE88D
:10BE80000CF0070802024FF00040A0F5800010BD42
:10BE90000846420018BFD2F1807288BF00F000400F
:10BEA00010BD4FF04070E1EE100A7047BC6B010806
:10BEB0000000000000000000000000000000000082
:10BEC0000002000018000000000000000000000058
:10BED000A86B010800000000000000000000000046
:10BEE0000000000000080000080000000000000042
:10BEF00000000000B06B010800000000000000001E
:10BF00000000000000000000000800002000000009
:10BF10000000000000000000C86B010800000000E5
:10BF20000000000000000000000000000008000009
:10BF30002000000000000000000000009C6B0108D1
:10BF400000000000000000000000000000000000F1
:10BF500000000000000000000000000000000000E1
:10BF6000000000003E400000000000000000200033
:10BF7000C0002000C000000009003FC009003FC011
:10BF800009000000188024407FE02240118000005A
:10BF90001C0022C01F000B803440038003801C4023
:10BFA00027401880074004802000C00000000000E7
:10BFB00000000000000000001F0060C080200000A2
:10BFC0000000802060C01F00000000000900060083
:10BFD0001F800600090000000000040004001F008C
:10BFE00004000400002000C0000000000000000069
:10BFF00004000400040004000400040000000040E9
:10C000000000000000000000002000C003000C0041
:10C01000300040001F802040204020401F80000052
:10C02000000010403FC000400000000018C0214048
:10C03000224024401840000010802040244024402A
:10C040001B8000000300050019403FC001400000B4
:10C050003E80244024402440238000000F80124072
:10C0600024402440138000000000200023C02C0046
:10C07000300000001B802440244024401B8000002E
:10C080001C802240224024801F000000000000008D
:10C0900008400000000000000000000004600000F4
:10C0A0000000000000000600090010802040000091
:10C0B0000A000A000A000A000A000A0000002040E4
:10C0C0001080090006000000180020002340240012
:10C0D000180000000F00108027402F4021401E80D4
:10C0E000004007C039000F0001C0004020403FC0A1
:10C0F000244024401B8000001F802040204020401E
:10C100003080000020403FC0204020401F800000C1
:10C1100020403FC024402E4030C0000020403FC09F
:10C1200024402E00300000000F00108020402240EC
:10C130003380020020403FC0040004003FC0204084
:10C14000204020403FC02040204000000030201010
:10C1500020103FE02000200020403FC024400A0083
:10C1600031C0204020403FC020400040004000C07F
:10C170003FC03C0003C03C003FC0204020403FC0C7
:10C180000C4023003FC020001F8020402040204062
:10C190001F80000020403FC0244024001800000001
:10C1A0001F802140214020E01FA0000020403FC010
:10C1B0002440260019C0004018C0244024402240DA
:10C1C00031800000300020403FC02040300000009F
:10C1D00020003F80004000403F80200020003E00C3
:10C1E00001C00700380020003C0003C03E0003C02F
:10C1F0003C000000204039C0060039C0204000004B
:10C2000020003C4003C03C4020000000304021C0E2
:10C210002640384020C0000000000000FFE08020E1
:10C2200080200000000060001C000380006000000F
:10C23000000080208020FFE000000000000040009F
:10C2400080004000000000000010001000100010EE
:10C2500000100010000080004000000000000000FE
:10C26000000002800540054003C0004040007FC040
:10C2700004400440038000000000038004400440A8
:10C280000680000000000380044044407FC000405E
:10C29000000003800540054003400000000004400A
:10C2A0003FC0444044402000000002A0055005501B
:10C2B0000650042040407FC00440040003C00040FA
:10C2C0000000044067C000400000000000100010A3
:10C2D000041067E00000000040407FC001000680BD
:10C2E00004400000404040407FC00040004000004B
:10C2F00007C0040007C0040003C00000044007C0DA
:10C300000440040003C000400000038004400440D7
:10C3100003800000041007F0045004400380000074
:10C32000000003800440045007F00010044007C0E0
:10C3300002400400040000000000064005400540E3
:10C3400004C00000000004001FC0044004400000BE
:10C35000040007800040044007C0004004000700BC
:10C3600000C0070004000000060001C0070001C073
:10C3700006000000044006C0010006C004400000A2
:10C380000410071000A000C00700040000000440D3
:10C3900005C0064004400000000000000400FFE06B
:10C3A00080200000000000000000FFF000000000FE
:10C3B00000008020FBE0040000000000400080003E
:10C3C000800040008000000000000000000000002D
:10C3D00000000000000000000000000000001FCC72
:10C3E00000000000000000000000080030004000D5
:10C3F00008003000400000000000022003FC1E2066
:10C40000022003FC1E20000000000E18110411047D
:10C410003FFF10840C7800000F00108C0F3001C01B
:10C42000067818840078000000780F8410C4113456
:10C430000E9800E40084000800004800700000002E
:10C44000000000000000000000000000000007E005
:10C4500018182004400200000000400220041818B0
:10C4600007E00000000000000240024001800FF0E1
:10C470000180024002400000000000800080008037
:10C4800007F000800080008000000009000E00001E
:10C49000000000000000000000000080008000801C
:10C4A00000800080008000000000000C000C0000F4
:10C4B000000000000000000000000006001800E07E
:10C4C00003001C0020000000000007F00808100412
:10C4D0001004080807F00000000000000804080429
:10C4E0001FFC00040004000000000E0C10141024B7
:10C4F000104410840F0C000000000C18100410846D
:10C50000108411440E3800000000006001A00224D5
:10C510000C241FFC0024002400001F9811041104A7
:10C520001104108810700000000007F00888110442
:10C530001104090400F80000000018001000107C2D
:10C54000118016001800000000000E3811441084FD
:10C55000108411440E38000000000F801048104471
:10C560001044088807F00000000000000000030CE1
:10C57000030C0000000000000000000000000107A4
:10C5800000000000000000000000008001400220C8
:10C59000041008081004000000000240024002409D
:10C5A000024002400240000000001004080804108D
:10C5B000022001400080000000000E001200100C5C
:10C5C00010EC11000E00000003E00C1813E414142A
:10C5D00017F4081407E800000004003C03C41C40E2
:10C5E000074000E4001C000410041FFC11041104A7
:10C5F00011040E880070000003E00C1810041004F1
:10C60000100410081C10000010041FFC100410047B
:10C610001004080807F0000010041FFC11041104A6
:10C6200017C410040818000010041FFC11041100A6
:10C6300017C010000800000003E00C1810041004DC
:10C6400010441C780040000010041FFC108400807F
:10C65000008010841FFC10040000100410041FFC54
:10C66000100410040000000000030001100110017C
:10C670001FFE10001000000010041FFC11040380B6
:10C680001464181C1004000010041FFC10040004A3
:10C6900000040004000C000010041FFC1F80007C3C
:10C6A0001F801FFC1004000010041FFC0C0403007A
:10C6B00000E010181FFC100007F008081004100418
:10C6C0001004080807F0000010041FFC10841080FC
:10C6D000108010800F00000007F0080810141014DC
:10C6E000100C080A07F2000010041FFC11041100CE
:10C6F00011C011300E0C000400000E1C1104108437
:10C70000108410441C3800001800100010041FFC96
:10C71000100410001800000010001FF8100400049E
:10C72000000410041FF8100010001E0011E0001C8F
:10C73000007013801C00100010001FC0007C1F80C0
:10C74000007C1FC0100000001004180C163401C03B
:10C7500001C01634180C100410001C00130400FC57
:10C7600013041C00100000000804101C1064108446
:10C7700013041C04101800000000000000007FFEDD
:10C780004002400240020000000020001C00038024
:10C790000060001C00030000000040024002400254
:10C7A0007FFE0000000000000000000020004000AC
:10C7B0004000200000000000000100010001000115
:10C7C00000010001000100010000400040002000C5
:10C7D0000000000000000000000000980124012477
:10C7E000014800FC0004000008000FFC0088010460
:10C7F000010400880070000000000070008801043F
:10C800000104010400880000000000F80104010494
:10C81000010409080FFC0004000000F801240124B1
:10C820000124012400E8000000000104010407FCC9
:10C830000904090404000000000000D601290129B0
:10C84000012901C90106000008040FFC0084010051
:10C850000100010400FC000400000104190419FC9B
:10C8600000040004000000000000000300010101BA
:10C87000190119FE0000000008040FFC00240060EC
:10C880000194010C010400000000080408041FFCCE
:10C890000004000400000000010401FC0104010088
:10C8A00001FC0104010000FC010401FC0084010002
:10C8B0000100010400FC0004000000F80104010470
:10C8C0000104010400F80000010101FF00890104D6
:10C8D000010400880070000000000070008801045E
:10C8E0000104008901FF00010104010401FC00842E
:10C8F0000104010001800000000000CC012401249B
:10C90000012401240198000000000100010007F843
:10C910000104010400080000010001F80004000403
:10C920000004010801FC0004010001C00130000CFA
:10C93000013001C00100000001800170000C0130D5
:10C9400001E0001C0160018000000104018C017005
:10C950000074018C01040000010001810161001ECE
:10C96000001801600180010000000184010C013405
:10C9700001440184010C00000000000000000000E0
:10C9800000803F7C400240020000000000000000E8
:10C99000FFFF000000000000400240023F7C0080DA
:10C9A0000000000000000000000040008000400087
:10C9B00040002000400000000000000000000000D7
:10C9C0000000000000000000000000000000000067
:10C9D0000000000000000000000000000000000057
:10C9E00000000000000000000000000FEE380FF013
:10C9F00038000000000000000000000000000000FF
:10CA00000000000000000100000600000C000038DB
:10CA100000003100000600000C000038000030006B
:10CA20000000000000000000C18000C1F800FF808D
:10CA30000FC18000C18000C18000C18000DFF80FFD
:10CA4000E18000C18000000000000000000001C083
:10CA5000E003E0F00630480418081FFFFE048E08CB
:10CA60000787F00381E000000000000003E0000CF5
:10CA700018000808180C18E003F300001C000063FD
:10CA8000E0038C180C0808000C180003E0000000FC
:10CA90000003E00007F007E8180FFC08081F080F64
:10CAA000E3C807C0F0001070001F980010080010C5
:10CAB00008000030000000000000310000320000DB
:10CAC0001C0000000000000000000000000000004A
:10CAD0000000000000000000000000000000000056
:10CAE00000000000000000007F000180C006003050
:10CAF00008000810000420000200000000000020D0
:10CB000000021000040800080600300180C0007F09
:10CB10000000000000000000000000000000000015
:10CB2000000000006600006600002400001C0000F9
:10CB3000080003FFC0011800003C0000240000664C
:10CB40000000660000000000080000080000080067
:10CB500000080000080001FFC000080000080000F5
:10CB600008000008000008000000000000000000AD
:10CB70003100003200001C00000000000000000036
:10CB800000000000000000000000000000000000A5
:10CB90000800000800000800000800000800000865
:10CBA0000000080000080000080000080000000065
:10CBB00000000000000000003800003800003800CD
:10CBC0000000000000000000000000000000000065
:10CBD0000000000000000000000600001C000070C3
:10CBE000000180000E0000380000C0000700001C9B
:10CBF0000000300000000000000000007F8001FF06
:10CC0000E0038070060018040008040008060018FD
:10CC100003807001FFE0007F800000000000000042
:10CC2000000002000802000802000803FFF807FFE6
:10CC3000F8000008000008000008000000000000E4
:10CC400000000001C01802C0380400480400880435
:10CC50000308040608060C0803F80801E078000041
:10CC600000000000000000038070038070040008D2
:10CC700004080804080806180803F41801E7F0007F
:10CC800001E00000000000000000000003000005BB
:10CC90000000190000210000C10801010807FFF889
:10CCA00007FFF80001080001080001000000000073
:10CCB00000E007FCD0040808041008041008041061
:10CCC00008041838040FF00407C00000000000003A
:10CCD000000000003F8001FFE003843002081804D8
:10CCE0001008041008041008071810030FF00007BC
:10CCF000C0000000000000000000038000060000EB
:10CD00000400000400F80407F804180004E0000719
:10CD1000000006000000000000000001C1E003F375
:10CD2000F0063610041808040808040C08040C085F
:10CD300006161803F3F001C1E00000000000000037
:10CD4000F80003FC30030638040208040208040259
:10CD5000080404100308F001FFC0007F0000000079
:10CD600000000000000000000000000000000000C3
:10CD70003838003838003838000000000000000063
:10CD800000000000000000000000000000000000A3
:10CD900000000000301B00301C00000000000000FC
:10CDA000000000000000000000000000000000087B
:10CDB00000001400002200004100008080010040BB
:10CDC000020020040010080008000000000000001D
:10CDD0002200002200002200002200002200002287
:10CDE00000002200002200002200002200000000BB
:10CDF00000000000000008000804001002002001EC
:10CE00000040008080004100002200001400000863
:10CE10000000000000000000000001E000026000CF
:10CE2000020000040038040738040838041800061B
:10CE3000100003F00001E000000000007F0003FF8D
:10CE4000E0070070041F1808FF8809C088093F88A0
:10CE500005E09006013001FE4000000000000800DF
:10CE600000380001C8001E0801E200060200078227
:10CE70000000FA00000F880001F800001800000808
:10CE800000000004000807FFF807FFF80408080482
:10CE9000080804080806180803F41803E7F000015E
:10CEA000E0000000000000003F8001FFE003807010
:10CEB0000200180400080400080400080600100717
:10CEC000003001C0C000000004000804000807FF93
:10CED000F807FFF804000804000804000802001026
:10CEE00003807001FFE0007F80000000040008075D
:10CEF000FFF807FFF80408080408080408080408F5
:10CF000008043F08060008060018018060000000C1
:10CF100004000807FFF807FFF804080804080804DD
:10CF20000800040800043F0006000006000001801D
:10CF300000000000000000003F8001FFE00380705F
:10CF40000600180400080402080402080203F001A5
:10CF5000C3F000020000020004000807FFF807FF0A
:10CF6000F804080800080000080000080000080095
:10CF700004080807FFF807FFF80400080000000095
:10CF8000000004000804000804000807FFF807FF79
:10CF9000F804000804000804000800000000000075
:10CFA0000000000000060000070400010400010466
:10CFB000000307FFFE07FFFC04000004000004005C
:10CFC0000000000004000807FFF807FFF8040C0841
:10CFD000003000005C000587000701C806007804E7
:10CFE000001800000800000004000807FFF807FF11
:10CFF000F804000804000800000800000800000809
:10D00000000008000018000060000000040008078D
:10D01000FFF807F00800FF000007F00001E0003E05
:10D020000003C00807FFF807FFF80400080000002D
:10D0300000000804000807FFF807800801E0080066
:10D040007800001E000403C00400F007FFF804008D
:10D0500000040000000000007F8001FFE0038070FA
:10D060000600180400080400080600180300300138
:10D07000FFE0007F8000000004000807FFF807FFC2
:10D08000F8040408040408040400040400040C0068
:10D0900002080003F80001F000000000000000009A
:10D0A0007F8001FFE0038070060098040088040080
:10D0B000E806003C03003601FFE6007F8400000024
:10D0C00004000807FFF807FFF80408080408000434
:10D0D0000800040E00040B800610E003F07801E065
:10D0E0001800000800000001E0E003F030063810EE
:10D0F000041808041C08040C08040E08020718078A
:10D1000087F00001E000000001800006000004003C
:10D110000004000804000807FFF807FFF8040008EF
:10D120000400080400000600000180000000000464
:10D13000000007FFE007FFF00400180000080000EF
:10D140000800000804001007FFE0040000000000D1
:10D1500004000006000007E000047E000007E00075
:10D1600000780001C0001E0005E000060000040079
:10D170000000000004000007C00004FF000003F8E6
:10D180000403C0063C0007FC00040FF80001E004A3
:10D190003E0007C000040000000000040008060074
:10D1A0001807806804E180003E000017000461C891
:10D1B000078078040018040008000000040000063E
:10D1C000000007800004F008003C08001FF800077A
:10D1D000F80018080460080580000600000400003C
:10D1E0000000000180080700380600E804018804F8
:10D1F000060804180804600805C0080700180400A1
:10D2000060000000000000000000000000000000BE
:10D210000000003FFFFE200002200002200002204C
:10D2200000020000000000000000000000000C00F0
:10D230000003000000E0000018000007000001C02B
:10D2400000003000000E000001000000000000009F
:10D2500000002000022000022000022000023FFF08
:10D26000FE000000000000000000000000000000C0
:10D27000000000000000000000100000200000403E
:10D28000000040000020000010000000000000002E
:10D29000000000000000010000010000010000018A
:10D2A0000000010000010000010000010000010079
:10D2B000000100000100000100000000000000006B
:10D2C00000200000200000100000100000000000FE
:10D2D000000000000000000000000000000000004E
:10D2E00000F00019F8001998002108002208002217
:10D2F00008002210003FF0001FF80000080000188E
:10D3000000000004000007FFF80FFFF000181000F5
:10D310001008002008002008003018001FF0000F3F
:10D32000C00000000000000007C0001FF00018301F
:10D33000002008002008002008003C08001C100005
:10D3400000600000000000000000000007C0001F97
:10D35000F0003818002008002008042008041010ED
:10D3600007FFF80FFFF000001000000000000000B1
:10D3700000000007C0001FF000113000210800214C
:10D3800008002108003108001F10000720000000DD
:10D3900000000000200000200800200801FFF80322
:10D3A000FFF80620080420080420080700000300F6
:10D3B0000000000000000000000E000E7E001FF3C1
:10D3C0000031A10020A10030B1003FB3002F1E00AA
:10D3D000301E00300000000000000004000807FFBD
:10D3E000F80FFFF8001008002000002000002008BF
:10D3F000003FF8001FF800000800000000000000D7
:10D400000000002008002008002008063FF8067FE2
:10D41000F8000008000008000008000000000000FC
:10D4200000000000000000000300000300200100D5
:10D430002001062003063FFE067FFC0000000000DE
:10D440000000000000000004000807FFF80FFFF8CC
:10D450000001080002000007000038C80020780022
:10D460002018000008000000000000000000040078
:10D470000804000804000807FFF80FFFF800000880
:10D480000000080000080000000000000020080064
:10D490003FF8003FF8001008002008003FF8001F88
:10D4A000F8001008002008003FF8003FF8000008CE
:10D4B000000000002008003FF8003FF800100800BE
:10D4C0002000002000002008003FF8001FF80000A6
:10D4D000080000000000000007C0000FF000183036
:10D4E0000030080020080020080030080018300034
:10D4F0000FF00007C0000000000000002001003F06
:10D50000FF003FFF00101100200900200800200844
:10D51000003038001FF0000FC000000000000000C5
:10D5200007C0001FF0003818002008002008002065
:10D5300009001011001FFF003FFF00000100000064
:10D54000002008002008002008003FF8003FF800F5
:10D55000080800100800200800200000380000180B
:10D5600000000000000000000000001C78001E18F1
:10D570000033080023080021880021980030F800BB
:10D580003CF000000000000000000000200000202F
:10D590000000200000FFF003FFF800200800200832
:10D5A0000020080000300000000000000000000023
:10D5B0002000003FF0007FF8000018000008000085
:10D5C00008002010003FF8007FF00000100000006D
:10D5D000000000002000003000003E000023C000DA
:10D5E00000F80000300001C0002E000030000020D4
:10D5F00000000000002000003800002F800001F82B
:10D600000020F0003700003F000021F00000F00093
:10D610002700003800002000000000000008002063
:10D6200008003038003C480027800003800024C8F0
:10D63000003838002018002008000000000000001A
:10D640002000002003003C010023810000FE0000B8
:10D6500070002380003C000020000020000000003B
:10D66000000000000000003C180020780020C800E6
:10D670002388002E080038080030180000700000D1
:10D68000000000000000000000000000000000009A
:10D690000000000008000014001FE3FC200002202E
:10D6A0000002000000000000000000000000000078
:10D6B00000000000000000000000FFFFFF0000006D
:10D6C000000000000000000000000000000000005A
:10D6D00000002000022000021FE3FC0014000008EC
:10D6E000000000000000000000000000000000003A
:10D6F000000000300000400000400000400000201A
:10D7000000001000001800000800000800003000B1
:10D710000000000000000000000000000000000009
:10D7200000000000000000000000000000000000F9
:10D7300000000000000000000000000000000000E9
:10D7400000000000000000000000000000000000D9
:10D7500000000000000000000000000000000000C9
:10D7600000000000000000000000000000000000B9
:10D7700000000000000000000000000000000000A9
:10D780000000000000000000000000000000000099
:10D790000000000000000000000000000000000089
:10D7A0000000000000000000000000000000000079
:10D7B0000000000000000000000000000000000069
:10D7C0000000000000000000000000000000000059
:10D7D0000000000000000000000000000000070042
:10D7E00000FF80000F8001FFFFFC0F8001FFE000C1
:10D7F0000F80000000000700000000000000000093
:10D800000000000000000000000000000000000018
:10D810000000000000000000000000000000000008
:10D8200000000000000000000000000000000000F8
:10D8300000000000000000000000000000000000E8
:10D84000000000000000000600000000001C0000B6
:10D85000000000780000000001F00000000007E078
:10D86000000000000FC0000000001F80000000004A
:10D870001F00000000000E0600000000001C000059
:10D88000000000780000000001F00000000007E048
:10D89000000000000FC0000000001F80000000001A
:10D8A0001F00000000000E0000000000000000004B
:10D8B0000000000000000000000000000000000068
:10D8C0000000000000000000000000000000000058
:10D8D0000000F00780000000F00780000000F00763
:10D8E00080000000F007FF800000FFFFFF8000FFC6
:10D8F000FFE7800000E0F00780000000F0078000F4
:10D900000000F00780000000F00780000000F00732
:10D9100080000000F00780000000F0078000000099
:10D92000F007FF800000FFFFFF8000FFFFE780009F
:10D9300000E0F00780000000F00780000000F00722
:10D9400080000000F00780000000000000000000E0
:10D9500000000000000000000000000000000000C7
:10D9600000000000000000000000F0000007C001FF
:10D97000FC00001FF001FE00003FF801E300007012
:10D980007C00010000403E00008000C01F000080BD
:10D9900000800F80008007FFFFFFFFFC07FFFFFFF5
:10D9A000FFFC008003E00080008001F0018000C0E7
:10D9B00000F801000063807E0700007F803FFE00CA
:10D9C000003F801FFC00000F0007F0000000000077
:10D9D0000000000000000000000000000000000047
:10D9E00000000000000000000000000FF800000030
:10D9F000003FFE00000000600700000000C0018042
:10DA0000000000800080018000800080070000800E
:10DA10000180380000600300E000003FFE070000C6
:10DA2000000FF83C0000000000E00000000007804C
:10DA3000000000001C07F8000000F03FFE0000039B
:10DA400080700300001E00C0018000700080008014
:10DA500000C000800080000000C001800000007055
:10DA600003000000003FFE0000000007F800000077
:10DA70000000000000000000000000000007F000AF
:10DA80000000003FFC000000007FFE00000FF0E0FF
:10DA90001F00003FFF000780007FFFC0038000E001
:10DAA0001FF80180008003FE018000800C7F018050
:10DAB00000C03C1FC10000FFF807E300007FE00149
:10DAC000FE00001F81007C00000001003E000000FD
:10DAD0000101EF00000001FF8700000001F8038052
:10DAE00000000180018000000100018000000100B1
:10DAF0000100000000000700000000000C00000012
:10DB00000000000000000000000000000000000015
:10DB10000002000000000E06000000001F0C0000C4
:10DB200000001F1C000000001FF8000000000FE0B4
:10DB30000000000007C0000000000000000000001E
:10DB400000000000000000000000000000000000D5
:10DB500000000000000000000000000000000000C5
:10DB600000000000000000000000000000000000B5
:10DB700000000000000000000000000000000000A5
:10DB80000000000000000000000000000000000095
:10DB90000000000000000000000000000000000085
:10DBA0000000000000000000000000000000000075
:10DBB0000000000000000000000000000000000065
:10DBC0000000000000000000000000000000000055
:10DBD00000003FF800000001FFFF0000000FC00739
:10DBE000E000003E00007800007000001C0001C052
:10DBF000000007000300000001800600000000C0D4
:10DC00000C00000000601800000000302000000040
:10DC100000080000000000000000000000000000FC
:10DC200000000000000000000000000000000000F4
:10DC300000000000000020000000000818000000A4
:10DC400000300C00000000600600000000C003006F
:10DC50000000018001C000000700007000001C00EF
:10DC6000003E00007800000FC007E0000001FFFF49
:10DC7000000000003FF8000000000000000000006D
:10DC80000000000000000000000000000000000094
:10DC90000000000000000000000000000000000084
:10DCA0000000000000000000000000000000000074
:10DCB000000000000000000000000000300E000026
:10DCC0000000781E00000000781E000000003C3CB0
:10DCD000000000003C3C000000001C380000000078
:10DCE0000E7000000000066000000000024000000E
:10DCF000000FE187F000000FFFFFF000000FE18749
:10DD0000F00000000240000000000660000000007B
:10DD10000E70000000001C38000000003C3C0000B9
:10DD200000007C3C00000000781E00000000781E0F
:10DD300000000000300E00000000000000000000A5
:10DD400000000000000000000000000000000000D3
:10DD50000000018000000000018000000000018040
:10DD600000000000018000000000018000000000B1
:10DD70000180000000000180000000000180000020
:10DD8000000001800000000FFFFFF000000FFFFF08
:10DD9000F000000001800000000001800000000091
:10DDA00001800000000001800000000001800000F0
:10DDB00000000180000000000180000000000180E0
:10DDC00000000000018000000000000000000000D2
:10DDD0000000000000000000000000000000000043
:10DDE000000000000002000000000E06000000001D
:10DDF0001F0C000000001F1C000000001FF80000A6
:10DE000000000FE00000000007C00000000000005C
:10DE10000000000000000000000000000000000002
:10DE200000000000000000000000000000000000F2
:10DE300000000000000000000000000000000000E2
:10DE400000000000000000000000000000000000D2
:10DE500000000000000000000000000000000000C2
:10DE600000000000000000000000000000000000B2
:10DE7000000001800000000001800000000001801F
:10DE80000000000001800000000001800000000090
:10DE900001800000000001800000000001800000FF
:10DEA00000000180000000000180000000000180EF
:10DEB0000000000001800000000001800000000060
:10DEC00001800000000001800000000001800000CF
:10DED00000000180000000000180000000000180BF
:10DEE00000000000018000000000000000000000B1
:10DEF0000000000000000000000000000000000022
:10DF0000000000000000000000000F000000000002
:10DF10001F80000000001F80000000001F80000024
:10DF200000001F80000000000F0000000000000043
:10DF300000000000000000000000000000000000E1
:10DF400000000000000000000000000000000000D1
:10DF500000000000000000000000000000000000C1
:10DF600000000000000000000000000000000000B1
:10DF700000000000000000000000000000000000A1
:10DF80000000000000000000000000000000000091
:10DF900000000000001800000000007000000000F9
:10DFA00001C0000000000700000000001C0000008D
:10DFB000000060000000000380000000000E000070
:10DFC000000000380000000000E0000000000380B6
:10DFD000000000000E0000000000380000000000FB
:10DFE000E0000000000300000000001C0000000032
:10DFF00000700000000001C00000000007000000E9
:10E0000000000C0000000000000000000000000004
:10E010000000000000000000000000000000000000
:10E0200000001FFC00000001FFFFC0000007FFFF11
:10E03000F000000FC001F800003C00001E0000705E
:10E040000000060000600000030000C00000018026
:10E050000080000000800080000000800080000040
:10E06000008000800000008000C0000001800040AF
:10E0700000000100007000000700003C00001E00CE
:10E08000001FC001FC000007FFFFF0000001FFFFC0
:10E09000C00000003FFC0000000000000000000085
:10E0A0000000000000000000000000000000000070
:10E0B0000000000000000000000000000000000060
:10E0C00000000000000000000010000000800010B0
:10E0D00000000080001000000080001000000080A0
:10E0E000001000000180003FFFFFFF80007FFFFF66
:10E0F000FF8000FFFFFFFF800000000001800000A4
:10E10000000000800000000000800000000000808F
:10E11000000000000080000000000000000000007F
:10E1200000000000000000000000000000000000EF
:10E1300000000000000000000000000000000000DF
:10E140000000000007800007C0000F80001FE000F3
:10E150001F80003FE0007B800020E000E380004063
:10E160000001C3800040000383800080000703801B
:10E170000080000E03800080001C038000800038B7
:10E18000038000800070038000C000E0038000C0B6
:10E1900001C0038000600780038000781F000780B3
:10E1A000003FFE000780001FF8001F800007E0000E
:10E1B00070000000000000000000000000000000EF
:10E1C000000000000000000000000000000000004F
:10E1D000000000000000000000007800000F0000B8
:10E1E000FC00001F8000FE00002380007300004040
:10E1F000000001000040000000800080010000805D
:10E20000008001000080008001000080008001008B
:10E21000008000800380008000C0028001800060D8
:10E2200006C0010000781C600300003FF8700E007B
:10E23000001FF03FFC000007C01FF80000000007AF
:10E24000E0000000000000000000000000000000EE
:10E2500000000000000000000000000000000000BE
:10E260000000000600000000001E00000000003A50
:10E270000000000000E20000000003820000000037
:10E28000060200000000180200000000700200807A
:10E290000000C0020080000300020080000C0002A9
:10E2A0000080001800020180007FFFFFFF8000FF58
:10E2B000FFFFFF8000FFFFFFFF80000000020180E2
:10E2C0000000000200800000000200800000000248
:10E2D000008000000002008000000000000000003C
:10E2E000000000000000000000000000000000002E
:10E2F00000000000000000000000F0000000FFC16E
:10E30000FC0000FFFFC1FE0000E00180E30000E030
:10E310000300010000E00600018000E00C00008026
:10E3200000E00C00008000E00C00008000E00C0029
:10E33000008000E00C00008000E00C00018000E0A4
:10E340000E00010000E00700070000E003E01E00EF
:10E3500000E003FFFC0000E000FFF8000000003FC9
:10E36000C0000000000000000000000000000000ED
:10E37000000000000000000000000000000000009D
:10E3800000000FFF00000000FFFFE0000003FFFFA0
:10E39000F800000FC0E07C00001C01800E0000307F
:10E3A0000300070000600600030000400600018033
:10E3B00000400C00008000800C00008000800C00F9
:10E3C000008000800C00008000800C000080008035
:10E3D0000E000180008006000100007C07000300A1
:10E3E000003C03C01E00001C01FFFC00000000FFF9
:10E3F000F8000000003FC000000000000000000026
:10E40000000000000000000000000000000000000C
:10E4100000000000000000070000000000FE0000F7
:10E42000000000F80000000000F00000000000E024
:10E430000000000000E000007F0000E00007FF8017
:10E4400000E0001FFF8000E000FFFF0000E003F09D
:10E45000000000E00F00000000E03C00000000E0D1
:10E46000E000000000E38000000000E60000000083
:10E4700000F80000000000F00000000000C00000F4
:10E48000000000000000000000000000000000008C
:10E49000000000000000000000000000000000007C
:10E4A00000000003E0000007E00FF800001FF03F4D
:10E4B000FC00003FFC7C0E0000787CE00300006064
:10E4C0001EC0010000400F80018000800F0000800E
:10E4D000008007800080008003800080008003C0EF
:10E4E0000080008001C00080008003E0008000C048
:10E4F00006F0010000600E78030000781C7E0E001C
:10E50000003FF83FFC00001FF00FF8000007C003B9
:10E51000E00000000000000000000000000000001B
:10E5200000000000000000000000000000000000EB
:10E530000001FE000000000FFFC00000001FFFE010
:10E540001E00003C03F01F00007000701F00004020
:10E550000038008000C00038008000800018008073
:10E5600000800018008000800018008000800018E3
:10E570000180008000300300004000300700006090
:10E5800000600E00003001C03C00001E0307F800D0
:10E59000000FFFFFE0000003FFFF800000007FF896
:10E5A000000000000000000000000000000000006B
:10E5B000000000000000000000000000000000005B
:10E5C000000000000000000000000000000000004B
:10E5D000000000000000000000000000000000003B
:10E5E0000000000000000000000000001C00070008
:10E5F00000003E000F8000003E000F8000003E0043
:10E600000F8000001C000700000000000000000058
:10E6100000000000000000000000000000000000FA
:10E6200000000000000000000000000000000000EA
:10E6300000000000000000000000000000000000DA
:10E6400000000000000000000000000000000000CA
:10E6500000000000000000000000000000000000BA
:10E6600000000000000000000000000000000000AA
:10E67000000000000000000000000000000000009A
:10E6800000000F00078400000F0007BC00000F000F
:10E6900007F000000F0007C00000000000000000AD
:10E6A000000000000000000000000000000000006A
:10E6B000000000000000000000000000000000005A
:10E6C000000000000000000000000000000000004A
:10E6D000000000000000000000000000000000003A
:10E6E000000000000000000000800000000001C0E9
:10E6F0000000000003600000000006300000000081
:10E700000C1800000000180C00000000300600008B
:10E710000000600300000000C001800000018000D4
:10E72000C000000300006000000600003000000C84
:10E7300000001800001C00001C00003800000E0043
:10E7400000700000070000E00000038000400000AF
:10E7500001000000000000000000000000000000B8
:10E7600000000000000000000000000000000000A9
:10E7700000003018000000003018000000003018C1
:10E7800000000000301800000000301800000000F9
:10E7900030180000000030180000000030180000A1
:10E7A0000000301800000000301800000000301891
:10E7B00000000000301800000000301800000000C9
:10E7C0003018000000003018000000003018000071
:10E7D0000000301800000000301800000000301861
:10E7E00000000000301800000000000000000000E1
:10E7F0000000000000000000000000000000000019
:10E8000000000000000000400000010000E00000E7
:10E810000380007000000700003800000E00001C9C
:10E8200000001C00000C0000180000060000300072
:10E8300000030000600000018000C0000000C00173
:10E8400080000000600300000000300600000000AF
:10E85000180C000000000C1800000000063000003A
:10E86000000003600000000001C000000000008004
:10E870000000000000000000000000000000000098
:10E880000000000000000000000000000000000088
:10E890000003E0000000000FF00000000018F0008E
:10E8A00000000030F0000000006070000000006018
:10E8B0000000000000C00000000000C000000700D1
:10E8C00000C0003F8F8000C0007F8F8000C000E04C
:10E8D0000F8000C001C0070000E00380000000704E
:10E8E0000700000000780F000000003FFE0000005D
:10E8F000001FFE000000000FFC0000000003F000FD
:10E900000000000000000000000000000000000007
:10E9100000000000000000000000000000000000F7
:10E9200000001FFC00000000FFFF80000003FFFF4D
:10E93000F000000FC003F800001C00003C0000388D
:10E9400000000E00006000FE070000400FFF830083
:10E9500000C03FFFC3800080FC00C1800081E00058
:10E96000C1800083800181800082000601800082D6
:10E9700001FF81800041FFFFC3000063FF80C300EF
:10E980000023C000C700001800038600000F001F0E
:10E990000C000007FFFC38000000FFE02000000032
:10E9A0000000000000000000008000000000008067
:10E9B000000000000380000000003F800000000312
:10E9C000FF800000003F0080000003F00080000096
:10E9D0003F1000000003F0100000003F0010000096
:10E9E00000F80010000000F80010000000FF801088
:10E9F0000000003FF81000000001FFD00000000000
:10EA00001FFC0080000001FFE0800000001FFF806D
:10EA100000000001FF80000000001F8000000000D7
:10EA20000180000000000080000000000080000065
:10EA300000000000000000000000008000000080D6
:10EA400000800000008000800000008000FFFFFFC9
:10EA5000FF8000FFFFFFFF8000FFFFFFFF800080BF
:10EA60000100008000800100008000800100008023
:10EA70000080010000800080010000800080010013
:10EA8000008000800100008000C00300008000C002
:10EA90000280018000600680010000701CE003001D
:10EAA000003FFC780E00001FF83FFE00000FE01F43
:10EAB000FC0000000007F000000000000000000063
:10EAC0000000000000000000000000000000000046
:10EAD00000001FFE00000000FFFFC0000003FFFF5A
:10EAE000F000000FC001FC00001E00003E000038D6
:10EAF00000000E000060000007000040000003005E
:10EB000000C0000001800080000001800080000043
:10EB100001800080000001800080000001800080F2
:10EB200000000180004000000300004000000600DB
:10EB3000006000000E00007800001800007E000059
:10EB400070000003000180000000000000000000D1
:10EB500000000000000000000000008000000080B5
:10EB600000800000008000800000008000FFFFFFA8
:10EB7000FF8000FFFFFFFF8000FFFFFFFF8000C05E
:10EB80000000008000800000008000800000008005
:10EB900000800000008000800000008000800000F5
:10EBA0000180004000000100004000000300006000
:10EBB00000000700003000000E00001C00001C00D8
:10EBC000000FC001F8000007FFFFF0000001FFFF89
:10EBD000C00000003FFC000000000000000000003A
:10EBE0000000000000000000000000800000008025
:10EBF00000800000008000800000008000FFFFFF18
:10EC0000FF8000FFFFFFFF8000FFFFFFFF8000800D
:10EC10000100008000800100008000800100008071
:10EC20000080010000800080010000800080010061
:10EC30000080008001000080008001800080008052
:10EC400003C0008000C03FF8018000E000000180A8
:10EC500000F000000380003C000007800006000078
:10EC60001E00000000006000000000000000000026
:10EC70000000000000000000000000800000008094
:10EC800000800000008000800000008000FFFFFF87
:10EC9000FF8000FFFFFFFF8000FFFFFFFF8000807D
:10ECA00001000080008001000080008001000080E1
:10ECB00000800100000000800100000000800100D1
:10ECC00000000080010000000080010000000080C2
:10ECD00001800000008003C0000000C03FF8000079
:10ECE00000E00000000000E00000000000F0000074
:10ECF0000000003C000000000006000000000000D2
:10ED00000000000000000000000000000FFC0000F8
:10ED10000000FFFF80000003FFFFF000000FC003B2
:10ED2000F800001E00003E000038000006000060F1
:10ED30000000030000400000010000C0000001804E
:10ED40000080000000800080000000800080000043
:10ED5000008000800000008000C000200080004093
:10ED6000002001000070003003000078003FFE002A
:10ED700000FF003FFE000003803FFE000000003067
:10ED80000000000000200000000000200000000043
:10ED90000000000000800000008000800000008073
:10EDA00000800000008000FFFFFFFF8000FFFFFFEA
:10EDB000FF8000FFFFFFFF800080010000800080D7
:10EDC00001000080008001000080000001000000C0
:10EDD0000000010000000000010000000000010030
:10EDE00000000000010000000080010000800080A1
:10EDF0000100008000800100008000FFFFFFFF8015
:10EE000000FFFFFFFF8000FFFFFFFF80008000008A
:10EE10000080008000000080008000000080000072
:10EE200000000000000000000000000000000000E2
:10EE300000000000000000000000000000000000D2
:10EE40000000008000000080008000000080008042
:10EE50000000008000800000008000800000008032
:10EE600000800000008000FFFFFFFF8000FFFFFF29
:10EE7000FF8000FFFFFFFF80008000000080008017
:10EE80000000008000800000008000800000008002
:10EE90000080000000800080000000800000000072
:10EEA0000000000000000000000000000000000062
:10EEB0000000000000000000000000000000000052
:10EEC00000000000003800000000007C000000008E
:10EED000007C00000000003E000000000002000076
:10EEE000000000020080000000020080000000021C
:10EEF000008000000002008000000004008000008C
:10EF0000000C00800000003800FFFFFFFFF000FF52
:10EF1000FFFFFFE000FFFFFFFF8000800000000018
:10EF20000080000000000080000000000080000061
:10EF300000000080000000000080000000000000D1
:10EF400000000000000000000000008000000080C1
:10EF500000800000008000800000008000FFFFFFB4
:10EF6000FF8000FFFFFFFF8000FFFFFFFF800080AA
:10EF7000006000800080018000800080030000802D
:10EF800000000F00000000001FC00000000067F03C
:10EF900000000001C0FC00000083003F8000008EE4
:10EFA000000FE08000F80003F88000F000007F8090
:10EFB00000E000001F8000C000000780008000000B
:10EFC0000180008000000080000000000080000040
:10EFD0000000000000000000000000000000000031
:10EFE00000800000008000800000008000800000A1
:10EFF000008000FFFFFFFF8000FFFFFFFF8000FF9A
:10F00000FFFFFF8000800000008000800000008083
:10F010000080000000800000000000800000000070
:10F020000080000000000080000000000080000060
:10F03000000000800000000000800000000001804F
:10F0400000000000038000000000078000000000B6
:10F050001F800000000070000000000000000000A1
:10F0600000000000000000000000008000000080A0
:10F0700000800000008000FFFFFFFF8000FF000015
:10F08000008000FFF0000080001FFF8000000000F3
:10F09000FFF8000000000FFFC0000000007FFC0030
:10F0A00000000007FF80000000007F000000000754
:10F0B000E0000000007E0000000007C0000000002B
:10F0C000FC000080000F8000008000F00000008045
:10F0D00000FFFFFFFF8000FFFFFFFF8000FFFFFF3B
:10F0E000FF800080000000800080000000800000A1
:10F0F0000000000000000000000000800000008010
:10F1000000800000008000800000008000FFFFFF02
:10F11000FF8000F80000008000FE00000080003F3B
:10F1200080000080000FE00000000003F8000000F5
:10F130000000FE00000000001F800000000007E04B
:10F140000000000001F800000000007F0000000047
:10F15000001FC00000800007F00000800001FC00DC
:10F16000008000007F0000FFFFFFFF8000800000A4
:10F17000000000800000000000800000000000008F
:10F18000000000000000000000000000000000007F
:10F1900000001FFC00000001FFFF80000007FFFFD0
:10F1A000F000000FC001F800001C00001C0000303F
:10F1B00000000600006000000300004000000100A5
:10F1C00000800000008000800000008000800000BF
:10F1D000008000800000008000800000008000406F
:10F1E00000000100004000000300003000000600A5
:10F1F000001C00001C00000FC000F8000007FFFF0B
:10F20000F0000000FFFFC00000001FFC0000000035
:10F2100000000000000000000000008000000080EE
:10F2200000800000008000800000008000FFFFFFE1
:10F23000FF8000FFFFFFFF8000FFFFFFFF800080D7
:10F2400000800080008000800080008000800080BE
:10F2500000800080000000800080000000800080AE
:10F26000000000800080000000800080000000C0DE
:10F270000180000000400100000000600300000069
:10F2800000380E000000003FFE000000001FF800E4
:10F2900000000007F0000000000000000000000077
:10F2A000000000000000000000000000000000005E
:10F2B00000001FFE00000001FFFFC0000007FFFF6D
:10F2C000F000001F8000FC00003C00003E000070C9
:10F2D0000000F70000400001C10000C00001818073
:10F2E000008000018080008000018080008000019B
:10F2F000E08000800000FC8000C000007FC0004073
:10F3000000001FF00060000003F8003800000E78D5
:10F31000001F80007C380007FFFFF0300001FFFF76
:10F32000E06000003FFE0000000000000000000060
:10F3300000000000000000000000008000000080CD
:10F3400000800000008000800000008000FFFFFFC0
:10F35000FF8000FFFFFFFF8000FFFFFFFF800080B6
:10F36000010000800080010000800080010000801A
:10F37000008001000000008001000000008001E02A
:10F380000000008001FC000000C0037F000000C0FE
:10F39000031FE00000600603FC0000781E00FF0071
:10F3A000003FFC001F80001FF8000780000FE000F6
:10F3B00001800000000000800000000000800000CC
:10F3C000000000000000000000000000000000003D
:10F3D0000007E000E000000FF8007F80003FFC0025
:10F3E0000F0000383C00070000601E0003000040D2
:10F3F0000F00010000800F000100008007800080E6
:10F40000008007800080008003800080008003C0AF
:10F410000080008001E0008000C001E0008000402A
:10F4200000F001000060007803000078007C0E000E
:10F43000007E003FFE00001F001FF80000000007D4
:10F44000E0000000000000000000000000000000DC
:10F4500000000000000000000000000600000000A6
:10F46000007C0000000000F00000000000C0000070
:10F47000000000800000000000800000000000800C
:10F4800000000080008000000080008000000080FC
:10F4900000FFFFFFFF8000FFFFFFFF8000FFFFFF77
:10F4A000FF8000800000008000800000008000805D
:10F4B00000000080008000000000008000000000CC
:10F4C00000C00000000000E00000000000FC0000A0
:10F4D0000000000600000000000000000000000026
:10F4E000000000000080000000000080000000001C
:10F4F00000800000000000FFFFFFF00000FFFFFFA2
:10F50000FC0000FFFFFFFE000080000007000080FD
:10F510000000030000800000018000000000008067
:10F5200000000000008000000000008000000000DB
:10F53000008000000000008000000000008000004B
:10F5400000000100008000000200008000000600B2
:10F55000008000000C0000FFFFFFF00000800000B2
:10F56000000000800000000000800000000000009B
:10F57000000000000000000000000080000000000B
:10F5800000800000000000C00000000000FC00003F
:10F59000000000FFC000000000FFFC00000000872A
:10F5A000FFC0000000803FFE0000000003FFE000FD
:10F5B0000000003FFE0000000003FF80000000008C
:10F5C0003E0000000001F0000000001F00000000ED
:10F5D00001F0000000801F0000000081F00000002A
:10F5E00000FF8000000000F80000000000C00000E4
:10F5F000000000800000000000800000000000000B
:10F6000000000000008000000000008000000000FA
:10F6100000FC0000000000FFF800000000FFFFE019
:10F6200000000080FFFFC000008001FFFF0000001D
:10F630000003FF8000000003F8000080007F00004E
:10F6400000800FE0000000FFFC00000000FFFE0053
:10F65000000000FFFFF8000000807FFFF0000000C6
:10F6600000FFFF8000000001FF800000001FE0009D
:10F67000008003F800000080FE00000000FFC000D2
:10F68000000000F00000000000800000000000808A
:10F6900000000000000000000000000000000080EA
:10F6A00000800000008000800000018000E0000079
:10F6B000038000F800000F8000FE00003C80009FE7
:10F6C0008000E0800087F00780000001FC1E000041
:10F6D00000007F78000000001FE00000000007F835
:10F6E000000000001CFE00000000F03F80000083CE
:10F6F000C007F080008F0001FC8000FC00007F80CC
:10F7000000F000001F8000C00000078000800000A3
:10F7100001800080000000800000000000800000E8
:10F720000000000000000000000000800000000059
:10F7300000800000000000C00000000000F8000091
:10F74000000000FF0000000000FFE0000000008754
:10F75000F80000800080FF00008000003FE0008093
:10F76000000007FFFF80000000FFFF800000007F17
:10F77000FF80000001C0008000001E0000800080AB
:10F78000F000008000878000000000FC0000000006
:10F7900000F00000000000C0000000000080000039
:10F7A00000000080000000000000000000000000D9
:10F7B0000000000000000000000000000000000049
:10F7C000000000000080000600000380003C0000F4
:10F7D0000F8000F800003F8000E00000FE8000E0A5
:10F7E0000003F88000C0000FE0800080003F8080B0
:10F7F000008000FE0080008003F8008000800FE0A1
:10F80000008000803F8000800080FE000080008338
:10F81000F8000080008FE000018000BF80000180C0
:10F8200000FE0000038000F80000078000E00000F8
:10F830001E000080000030000000000000000000FA
:10F8400000000000000000000000000000000000B8
:10F8500000000000000000000000000000000000A8
:10F860000000000000000000000000000000000098
:10F87000000000000000000000001FFFFFFFFFF875
:10F880001FFFFFFFFFF8180000000018180000001D
:10F8900000181800000000181800000000181800D8
:10F8A00000000018180000000018180000000018E0
:10F8B00018000000001818000000001818000000D0
:10F8C0000018000000000000000000000000000020
:10F8D0000000000000000000000000000000000028
:10F8E0000000000000000000000000000380000095
:10F8F000000003E00000000000FC00000000001F0A
:10F90000000000000007C00000000000F800000038
:10F9100000003E00000000000FC00000000001F0E9
:10F9200000000000007C00000000000F80000000CC
:10F930000003E000000000007C00000000001F0049
:10F940000000000007C00000000000F800000000F8
:10F95000003C000000000004000000000000000067
:10F960000000000000000000000000000000000097
:10F97000000000000000180000000018180000003F
:10F9800000181800000000181800000000181800E7
:10F9900000000018180000000018180000000018EF
:10F9A00018000000001818000000001818000000DF
:10F9B00000181FFFFFFFFFF800000000000000001C
:10F9C0000000000000000000000000000000000037
:10F9D0000000000000000000000000000000000027
:10F9E0000000000000000000000000000000000017
:10F9F0000000000000000000000000000000000007
:10FA000000000000000000000000000000000000F6
:10FA100000000000000000000100000000000200E3
:10FA2000000000000600000000000C0000000000C4
:10FA30001C00000000001800000000001000000082
:10FA400000001800000000001800000000000C007A
:10FA5000000000000600000000000200000000009E
:10FA60000100000000000000000000000000000095
:10FA70000000000000000000000000000000000086
:10FA80000000000000000000000100000000000174
:10FA90000000000000010000000000010000000064
:10FAA0000001000000000001000000000001000053
:10FAB0000000000100000000000100000000000143
:10FAC0000000000000010000000000010000000034
:10FAD0000001000000000001000000000001000023
:10FAE0000000000100000000000100000000000113
:10FAF0000000000000010000000000010000000004
:10FB000000010000000000010000000000010000F2
:10FB100000000001000000000000000000000000E4
:10FB200000000000000000000000000020000000B5
:10FB30000000200000000000300000000000300045
:10FB40000000000038000000000038000000000045
:10FB50001C00000000000C00000000000400000079
:10FB60000000020000000000000000000000000093
:10FB70000000000000000000000000000000000085
:10FB80000000000000000000000000000000000075
:10FB90000000000000000000000000000000000065
:10FBA0000000000000000000000000000000000055
:10FBB000000000007C00000003C1FE00000007C33D
:10FBC000FF00000007C3830000000806018000005A
:10FBD000080400800000100C008000001008008065
:10FBE00000001008008000001008008000001010C5
:10FBF0000180000010100100000018100300000038
:10FC00000C10020000000FFFFF00000007FFFF8044
:10FC1000000003FFFF8000000000008000000000E3
:10FC20000080000000000100000000000E00000045
:10FC30000000000000000000000000400000000084
:10FC4000004000000000004000000000007FFFFFB7
:10FC5000FF8000FFFFFFFF0001FFFFFFFE0000002D
:10FC60000380060000000600010000000C000100F7
:10FC7000000008000080000010000080000010005C
:10FC800000800000100000800000100000800000D4
:10FC90001800010000000C00030000000F001E000F
:10FCA000000007FFFC00000003FFF8000000007FD9
:10FCB000C000000000000000000000000000000084
:10FCC0000000000000000000000000000000000034
:10FCD0000000000000000000003FC000000000FF26
:10FCE000F800000001FFFC00000007C01E0000003B
:10FCF0000700070000000C0003000000080001805E
:10FD000000001800008000001000008000001000BB
:10FD10000080000010000080000010000080000043
:10FD20001000008000000800010000000FC0030068
:10FD3000000007C00600000003C00C000000000027
:10FD40003000000000000000000000000000000083
:10FD500000000000000000000000000000000000A3
:10FD60000000000000000000003FC000000001FF94
:10FD7000F800000003FFFC00000007C01E000000A8
:10FD80000E00030000000800018000001800008041
:10FD90000000100000800000100000800000100033
:10FDA00000800000100000800040080001000040BA
:10FDB00008000200004004000C00007FFFFFFF80ED
:10FDC00000FFFFFFFF8001FFFFFFFF0000000000BA
:10FDD0000100000000000100000000000100000020
:10FDE0000000000000000000000000000000000013
:10FDF0000000000000000000003FC000000000FF05
:10FE0000F800000003FFFC00000007841E00000053
:10FE10000E04070000000C04030000001804018019
:10FE20000000100400800000100400800000100496
:10FE3000008000001004008000001004008000001A
:10FE40000804010000000C04010000000704020087
:10FE5000000003FC0C00000001FC10000000007C0E
:10FE60000000000000000000000000000000000092
:10FE70000000000000000000000000000000000082
:10FE800000001000000000001000008000001000C2
:10FE900000800000100000800000100000800000C2
:10FEA000100000800007FFFFFF80000FFFFFFF80B2
:10FEB000001FFFFFFF8000381000008000201000AE
:10FEC00000800060100000800040100000800040B2
:10FED0001000008000401000008000401000000072
:10FEE000004010000000004000000000003C000046
:10FEF0000000003C00000000001C000000000000AA
:10FF000000000000000000000000000000000000F1
:10FF10000000000000000000000000F0000001F000
:10FF2000F3F8000003F9FBFC000007FDFE0C0000E5
:10FF30000E0F1C04000018021C06000010011C0219
:10FF4000000010011C02000010011C020000100142
:10FF50000C02000010010C02000018030C0200004B
:10FF60000E060E0600000FFE0E0400000FFC0F0C24
:10FF7000000009F007F80000180007F800001C0056
:10FF800001E000001C000000000000000000000074
:10FF900000000000000000000000004000000080A1
:10FFA000004000000080004000000080007FFFFF54
:10FFB000FF8000FFFFFFFF8001FFFFFFFF800000C9
:10FFC0000300008000000600008000000C0000809C
:10FFD00000000800000000001000000000001000F9
:10FFE0000000000010000000000010000080000071
:10FFF0001800008000001C00008000000FFFFF8040
:020000040801F1
:10000000000007FFFF80000003FFFF8000000000EA
:100010000080000000000080000000000080000060
:1000200000000000000000000000000000000000D0
:1000300000000000000000000000000000000000C0
:100040000000000010000080000010000080000090
:1000500010000080000010000080000010000080F0
:1000600000701000008000F81FFFFF8000F83FFFC5
:10007000FF8000F83FFFFF8000700000008000005C
:1000800000000080000000000080000000000080F0
:100090000000000000800000000000800000000060
:1000A0000000000000000000000000000000000050
:1000B0000000000000000000000000000000000040
:1000C0000000000000000000000000000000000030
:1000D000003800000000003C00000000003E00006E
:1000E0000000000600000000000200000000000206
:1000F00000000000000200001000000200001000DC
:10010000000200001000000400001000000C00704D
:100110001000001800F81FFFFFF800F83FFFFFF085
:1001200000F83FFFFFC0007000000000000000006A
:1001300000000000000000000000000000000000BF
:1001400000000000000000000000004000000080EF
:10015000004000000080004000000080007FFFFFA2
:10016000FF8000FFFFFFFF8001FFFFFFFF80000017
:10017000000300800000000600800000000C0080EA
:100180000000003800000000007E0000000000DFDA
:10019000000000001187C00000001701F08000007F
:1001A0001E00F880000018003F80000010000F8043
:1001B0000000100007800000100001800000000017
:1001C000008000000000008000000000000000002F
:1001D000000000000000000000000000000000001F
:1001E000000000000000000000000000000000000F
:1001F000000000400000008000400000008000403F
:1002000000000080004000000080004000000080EE
:1002100000400000008000FFFFFFFF8000FFFFFFA5
:10022000FF8001FFFFFFFF80000000000080000052
:10023000000000800000000000800000000000803E
:1002400000000000008000000000008000000000AE
:10025000000000000000000000000000000000009E
:1002600000000000000000000000000010000080FE
:1002700000001000008000001FFFFF8000001FFF33
:10028000FF8000003FFFFF800000040000800000AE
:100290000800008000001000000000001000008036
:1002A00000001800008000001FFFFF8000001FFFFB
:1002B000FF8000000FFFFF800000040000800000AE
:1002C0000800008000001000000000001000008006
:1002D00000001800008000001FFFFF8000000FFFDB
:1002E000FF80000007FFFF8000000000008000008A
:1002F00000000080000000000000000010000080EE
:1003000000001000008000001000008000001FFFAF
:10031000FF8000001FFFFF8000003FFFFF80000004
:100320000300008000000600008000000C00008038
:100330000000080000000000100000000000100095
:10034000000000001000000000001000008000000D
:100350001800008000001C00008000000FFFFF80DC
:10036000000007FFFF80000001FFFF800000000089
:1003700000800000000000800000000000800000FD
:10038000000000000000000000000000000000006D
:100390000000001FC000000000FFF000000001FF8F
:1003A000F800000003C03E00000007000600000047
:1003B0000C0003000000080001000000180001808C
:1003C00000001000008000001000008000001000FD
:1003D0000080000010000080000018000080000075
:1003E0000800010000000C000300000006000600E9
:1003F000000003C03C00000001FFF800000000FF07
:10040000F0000000001FC00000000000000000001D
:1004100000000000000000000000000008000002D2
:1004200000000800000200000800000200000FFFAA
:10043000FFFE00000FFFFFFE00001FFFFFFE000099
:10044000030006020000040003020000080001028D
:100450000000080000800000100000800000100074
:1004600000800000100000800000100000800000EC
:100470001000018000000800030000000C000700CD
:10048000000007803E00000003FFFC00000001FFA9
:10049000F8000000007FC000000000000000000025
:1004A000000000000000000000000000000000004C
:1004B0000000003FC000000000FFF800000003FF44
:1004C000FC00000007C01E00000006000300000042
:1004D0000C000100000018000180000010000080E6
:1004E00000001000008000001000008000001000DC
:1004F00000800000100000800000080001020000E1
:100500000C000302000006000602000007FFFFFEC9
:1005100000000FFFFFFE00001FFFFFFE00000000B5
:1005200000020000000000020000000000020000C5
:1005300000000000000000000000000000000000BB
:10054000000010000080000010000080000010007B
:1005500000800000100000800000100000800000FB
:100560001FFFFF8000003FFFFF8000003FFFFF8074
:10057000000000E000800000018000800000030017
:10058000008000000400008000000C0000800000DB
:1005900008000080000010000000000010000000B3
:1005A00000001000000000001F00000000000F000D
:1005B000000000000F00000000000000000000002C
:1005C000000000000000000000000000000000002B
:1005D000000000000000000000000000000000001B
:1005E0003F00000003E00F00000007F003000000E0
:1005F0000FF8010000000C3C01000000181C0080F6
:100600000000101E00800000100E00800000100E80
:10061000008000001007008000001007008000002C
:100620000807818000000C03C30000000F01FF00D9
:1006300000000781FE0000000000780000000000BC
:1006400000000000000000000000000000000000AA
:10065000000000000000000000000000000000009A
:10066000000000000000000010000000000010006A
:10067000000000001000000000001000000000005A
:100680003000000000003000000000007FFFFC0090
:100690000007FFFFFE00000FFFFFFF00000010003B
:1006A00003800000100000800000100000800000A7
:1006B0001000008000001000008000001000010009
:1006C00000001000060000000000180000000000FC
:1006D000000000000000000000000000000000001A
:1006E00000000000000000000000000010000000FA
:1006F00000001000000000001000000000001FFFBC
:10070000F80000001FFFFE0000003FFFFF00000098
:100710000000038000000000018000000000008055
:1007200000000000008000000000008000000000C9
:1007300000800000000000800000100001000000A8
:1007400010000200000010000C0000001FFFFF80DE
:1007500000001FFFFF8000003FFFFF0000000000BF
:100760000100000000000100000000000100000086
:100770000000000000000000000000000000000079
:100780000000100000000000100000000000180031
:10079000000000001E00000000001FC0000000005C
:1007A0001FF80000000010FF80000000101FF00084
:1007B00000000003FE00000000003F800000000079
:1007C0000F80000000003C0000000001E00000007D
:1007D000100F000000001078000000001FC0000093
:1007E00000001E00000000001800000000001000C3
:1007F00000000000100000000000000000000000E9
:1008000000000000000010000000000010000000C8
:1008100000001C00000000001FE0000000001FFEA0
:100820000000000010FFE0000000100FFE000000BC
:100830000000FF80000000007F0000001003E000C7
:100840000000183E000000001FE0000000001FF83C
:100850000000000019FFC0000000101FFC00000095
:100860000000FF80000000000F8000000000F80082
:100870000000101F8000000011F8000000001F8021
:100880000000000018000000000010000000000040
:100890001000000000000000000000000000000048
:1008A0000000000000800000100000800000100028
:1008B000008000001800018000001C00078000007C
:1008C0001F000F8000001F803880000013E0E00050
:1008D000000010F9C0000000007F00000000001FB1
:1008E00000000000003FC000000010E1F0800000A8
:1008F0001180F88000001F003F8000001C000F8066
:1009000000001800038000001000018000001000AB
:1009100000800000000000800000000000000000D7
:1009200000000000000000000000000000000000C7
:1009300000001000000000001000000C0000180073
:10094000001E00001E00001E00001FC0000E000060
:100950001FF80006000010FE00040000101FC01C5D
:1009600000000003F870000000007FC000000000DD
:100970001E0000000000F0000000100780000000D2
:10098000103C0000000019E0000000001F00000003
:1009900000001C000000000010000000000010001B
:1009A0000000000010000000000000000000000037
:1009B0000000000000000000000000000000000037
:1009C00000000000000000000780018000001F0000
:1009D000038000001C000F80000018001F80000032
:1009E00010007C8000001000F88000001003E08000
:1009F00000001007C0800000100F00800000103EB3
:100A00000080000010780080000011F000800000DD
:100A100013E0008000001F80018000001F000180A3
:100A200000001C000780000018001F80000000006C
:100A3000380000000000000000000000000000007E
:100A400000000000000000000000000000000000A6
:100A50000000000000000000000000000000000096
:100A60000000000000000000000000000000000086
:100A70000000000000000000000000000000000076
:100A800000000100000000000100000000000280E2
:100A90000000000006C0000003FFFC7FFF8007FF8E
:100AA000F83FFFE00C00000000700800000000109C
:100AB00010000000000810000000000810000000F6
:100AC000000800000000000000000000000000001E
:100AD0000000000000000000000000000000000016
:100AE0000000000000000000000000000000000006
:100AF00000000000000000000000000000000000F6
:100B000000000000000000000000000000000000E5
:100B1000000000000000FFFFFFFFFFFFFFFFFFFFDF
:100B2000FFFF0000000000000000000000000000C7
:100B300000000000000000000000000000000000B5
:100B400000000000000000000000000000000000A5
:100B50000000000000000000000000000000000095
:100B60000000000000000000000000000000000085
:100B7000000000000000100000000008100000004D
:100B800000081000000000080800000000100C0021
:100B90000000003007FFF83FFFE003FFFC7FFF800D
:100BA000000006C0000000000280000000000100FC
:100BB0000000000001000000000000000000000034
:100BC0000000000000000000000000000000000025
:100BD0000000000000000000000000000000000015
:100BE0000000000000000000000000000000000005
:100BF00000000000000000000000000000000000F5
:100C00000600000000001800000000006000000066
:100C10000000400000000000C00000000000C00014
:100C200000000000C00000000000E0000000000024
:100C30007000000000003800000000001C000000F0
:100C400000000E000000000007000000000003800C
:100C50000000000003800000000001800000000090
:100C600001800000000001000000000003000000FF
:100C700000000C0000000000300000000000000038
:100C80000000000000000000000000000000000064
:100C90000000000000000000000000000000000054
:100CA0000000000000000000000000000000000044
:100CB0000000000000000000000000000000000034
:100CC0000000000000000000000000000000000024
:100CD0000000000000000000000000000000000014
:100CE0000000000000000000000000000000000004
:100CF00000000000000000000000000000000000F4
:100D000000000000000000000000000000000000E3
:100D100000000000000000000000000000000000D3
:100D200000000000000000000000000000000000C3
:100D300000000000000000000000000000000000B3
:100D400000000000000000000000000000000000A3
:100D50000000000000000000000000000000000093
:100D60000000000000000000000000000000000083
:100D70000000000000000000000000000000000073
:100D80000000000000000000000000000000000063
:100D90000000000000000000000000000000000053
:100DA0000000000000000000000000000000000043
:100DB0000000000000000000000000000000000033
:100DC0000000000000000000000000000000000023
:100DD0000000000000000000000000000000000013
:100DE000000000000000000000003800001FF800B4
:100DF00000007C00003FFFFF8000FE00003FFFFF7F
:100E0000FF80FE00003FFFFFC000FE00001FFE004D
:100E100000007C000000000000003800000000001E
:100E200000000000000000000000000000000000C2
:100E300000000000000000000000000000000000B2
:100E400000000000000000000000000000000000A2
:100E50000000000000000000000000000000000092
:100E60000000000000000000000000000000000082
:100E70000000000000000000000000000000000072
:100E80000000000000000000000000000000000062
:100E90000000000000000000000000000000000052
:100EA0000000000000000000000000000000300012
:100EB000000000000000E000000000000003C0008F
:100EC00000000000000F800000000000003F000054
:100ED0000000000000FE00000000000003FC000015
:100EE0000000000007F80000000000000FF0000004
:100EF000000000000FE00000000000000FC0300004
:100F0000000000000780E000000000000003C000B7
:100F100000000000000F800000000000003F000003
:100F20000000000000FE00000000000003FC0000C4
:100F30000000000007F80000000000000FF00000B3
:100F4000000000000FE00000000000000FC00000E3
:100F5000000000000780000000000000000000000A
:100F60000000000000000000000000000000000081
:100F70000000000000000000000000000000000071
:100F80000000000000000000000000000000000061
:100F900000000000000007C001F00000000007C0D2
:100FA00001F00000000007C001F00000000007C0D1
:100FB00001F00000000007C001F1FE00000007C0C2
:100FC000FFFFFE0000003FFFFFFFE000001FFFFFEC
:100FD000E1F00000001FFFC001F00000000007C0AA
:100FE00001F00000000007C001F00000000007C091
:100FF00001F00000000007C001F00000000007C081
:1010000001F00000000007C001F00000000007C070
:1010100001F00000000007C001F00000000007C060
:1010200001F00000000007C001F1FE00000007C051
:10103000FFFFFE0000003FFFFFFFE000001FFFFF7B
:10104000E1F00000001FFFC001F00000000007C039
:1010500001F00000000007C001F00000000007C020
:1010600001F00000000007C001F0000000000000D7
:101070000000000000000000000000000000000070
:101080000000000000000000000000000000000060
:101090000000000000000000000000000000000050
:1010A0000000000000000000000F800000003F0072
:1010B000003FE0000000FFC0003FF0000001FFF033
:1010C000003FF8000003FFF8003F1800000783FC12
:1010D00000000C00000600FC00000C00000E007E6A
:1010E00000000600000C003F000006000018001F72
:1010F000800006000018000FC000060003FFFFFF7D
:10110000FFFFFFFC03FFFFFFFFFFFFFC00180003D2
:10111000F000060000180001F800060000180001A9
:10112000FC000C00000C0000FE000C00000E1E0075
:101130007F0018000007FE003FC078000003FE009B
:101140001FFFF0000001FE000FFFE0000000F800AC
:1011500003FFC0000000000000FE000000000000CF
:10116000000000000000000000000000000000007F
:10117000000000000000000000000000000000006F
:1011800000000000000000000000000000003FE040
:10119000000000000001FFFC000000000007FFFF4E
:1011A00000000000000F800F80000000000C000312
:1011B0008000000000180001C000060000180000B8
:1011C000C0003E0000180000C000F0000018000041
:1011D000C007C000000C0001C01F0000000F000F7E
:1011E00080F800000007FFFF03E000000001FFFCA3
:1011F0001F00000000003FE07C0000000000000332
:10120000E00000000000000F81FF00000000007CF3
:101210000FFFE000000001F01FFFF00000000F8052
:101220007C007C0000003E0070000C000001F0001B
:10123000E0000E000007C000C0000600001E000015
:10124000C000060000080000C0000600000000000A
:1012500060000C00000000007C007C00000000002A
:101260003FFFF800000000000FFFE000000000005A
:1012700001FF00000000000000000000000000006E
:10128000000000000000000000000000000000005E
:1012900000FE00000000000007FFC000000000008A
:1012A0001FFFE000000000003FFFF0000000000012
:1012B0007C01F80000007FC0E0003C000003FFFD5F
:1012C00080001C000007FFFF80000E00000FFFFFE2
:1012D000F0000E00000E007FFC000600001C000F56
:1012E000FF00060000180007FFC006000018001CE1
:1012F0003FF00400001C00F80FFC0400001FFFF08A
:1013000003FE0C00000FFFE0007F18000007FF80C5
:10131000003FF0000001FE03000FE00000000003AA
:101320000007F00000000003000FF80000000003B9
:10133000FFFEFC0000000003FFE07C000000000353
:10134000FC003E000000000380001E0000000003BF
:1013500000000E000000000300000E00000000036B
:1013600000000C000000000000001C000000000055
:1013700000007800000000000000E0000000000015
:10138000000000000000000000000000000000005D
:10139000000000000000000000000000000000004D
:1013A000000000000000200000000000038030006A
:1013B0000000000007C06000000000000FC0E00057
:1013C000000000000FE3C000000000000FFF8000DD
:1013D000000000000FFF00000000000007FE0000FA
:1013E0000000000001F0000000000000000000000C
:1013F00000000000000000000000000000000000ED
:1014000000000000000000000000000000000000DC
:1014100000000000000000000000000000000000CC
:1014200000000000000000000000000000000000BC
:1014300000000000000000000000000000000000AC
:10144000000000000000000000000000000000009C
:10145000000000000000000000000000000000008C
:10146000000000000000000000000000000000007C
:10147000000000000000000000000000000000006C
:10148000000000000000000000000000000000005C
:10149000000000000000000000000000000000004C
:1014A000000000000000000000000000000000003C
:1014B000000000000000000000000000000000002C
:1014C000000000000000000000000000000000001C
:1014D000000000000000000000000000000000000C
:1014E00000000000000000000000000000000000FC
:1014F000000000000000003FFC000000000003FFAF
:10150000FFC0000000001FFFFFF8000000007FC0C8
:1015100003FE00000001FC00001F80000007E00047
:101520000003E000000F00000000F800003C000095
:1015300000003C000078000000000E0000E0000009
:101540000000078003C00000000003C00700000087
:10155000000000E00E000000000000701C00000011
:10156000000000380800000000000010000000002B
:10157000000000000000000000000000000000006B
:10158000000000000000000000000000000000005B
:101590000000000000000000000000000800000043
:1015A000000000101C000000000000380E000000C9
:1015B0000000007007000000000000E003C0000011
:1015C000000003C000E00000000007800078000079
:1015D00000000E00003C000000003C00000F000076
:1015E0000000F8000007E0000003E0000001FC003C
:1015F000001F800000007FC003FF000000001FFFED
:10160000FFF80000000003FFFFC000000000003FE3
:10161000FC000000000000000000000000000000CE
:1016200000000000000000000000000000000000BA
:1016300000000000000000000000000000000000AA
:10164000000000000000000000000000000000009A
:10165000000000000000000000000000000000008A
:10166000000000000000000000000000000000007A
:10167000000000000000000000000000000000006A
:10168000000000000000000000000000000000005A
:1016900000000000000000E003800000000001F0F6
:1016A00007C00000000001F007C00000000001F8C2
:1016B0000FC00000000000F80F800000000000FCD8
:1016C0001F8000000000007C1F0000000000003CA4
:1016D0001E0000000000001E3C0000000000000E84
:1016E0003800000000000007700000000000000348
:1016F0006007000000007F8141FF80000000FFFFC5
:10170000FFFF80000000FFFEBFFF80000000FFC160
:1017100040FF0000000038036000000000000007E8
:10172000700000000000000E380000000000001EE5
:101730003C0000000000003C1E0000000000007C97
:101740001F000000000000FC1F800000000000F8E7
:101750000F800000000001F80FC00000000001F041
:1017600007C00000000001F007C00000000000E01A
:1017700003C00000000000000000000000000000A6
:101780000000000000000000000000000000000059
:101790000000000000000003000000000000000343
:1017A0000000000000000003000000000000000333
:1017B0000000000000000003000000000000000323
:1017C0000000000000000003000000000000000313
:1017D0000000000000000003000000000000000303
:1017E00000000000000000030000000000000003F3
:1017F0000000000000000003000000000000FFFFE8
:10180000FFFC00000000FFFFFFFC000000000003E1
:1018100000000000000000030000000000000003C2
:1018200000000000000000030000000000000003B2
:1018300000000000000000030000000000000003A2
:101840000000000000000003000000000000000392
:101850000000000000000003000000000000000382
:101860000000000000000003000000000000000372
:101870000000000000000000000000000000000068
:101880000000000000000000000000000000000058
:101890000000000000000000000000000000000048
:1018A0000000000000000000000000080000000030
:1018B0000000E00C000000000001F0180000000033
:1018C0000003F038000000000003F8F00000000002
:1018D0000003FFE0000000000003FFC00000000064
:1018E0000001FF800000000000007C0000000000FC
:1018F00000000000000000000000000000000000E8
:1019000000000000000000000000000000000000D7
:1019100000000000000000000000000000000000C7
:1019200000000000000000000000000000000000B7
:1019300000000000000000000000000000000000A7
:101940000000000000000000000000000000000097
:101950000000000000000000000000000000000087
:101960000000000000000000000000000000000077
:101970000000000000000000000000000000000067
:101980000000000000000000000000000000000057
:101990000000000000000003000000000000000341
:1019A0000000000000000003000000000000000331
:1019B0000000000000000003000000000000000321
:1019C0000000000000000003000000000000000311
:1019D0000000000000000003000000000000000301
:1019E00000000000000000030000000000000003F1
:1019F00000000000000000030000000000000003E1
:101A000000000000000000030000000000000003D0
:101A100000000000000000030000000000000003C0
:101A200000000000000000030000000000000003B0
:101A300000000000000000030000000000000003A0
:101A40000000000000000003000000000000000390
:101A50000000000000000003000000000000000380
:101A60000000000000000003000000000000000370
:101A70000000000000000000000000000000000066
:101A80000000000000000000000000000000000056
:101A90000000000000000000000000000000000046
:101AA00000000000000000000000780000000000BE
:101AB0000000FC00000000000001FE00000000002B
:101AC0000001FE00000000000001FE000000000018
:101AD0000001FE00000000000000FC00000000000B
:101AE000000078000000000000000000000000007E
:101AF00000000000000000000000000000000000E6
:101B000000000000000000000000000000000000D5
:101B100000000000000000000000000000000000C5
:101B200000000000000000000000000000000000B5
:101B300000000000000000000000000000000000A5
:101B40000000000000000000000000000000000095
:101B50000000000000000000000000000000000085
:101B60000000000000000000000000000000000075
:101B70000000000000000000000000000000000065
:101B80000000000000000000000000000000000055
:101B90000000000000000000000000200000000025
:101BA000000000F000000000000003E00000000062
:101BB00000001F800000000000007E000000000008
:101BC0000001F000000000000007C000000000005D
:101BD000001F000000000000007C0000000000006A
:101BE00003F00000000000000FC000000000000033
:101BF0003E00000000000000F800000000000003AC
:101C0000E00000000000000F800000000000003E27
:101C100000000000000001F800000000000007E0E4
:101C20000000000000001F000000000000007C0019
:101C3000000000000001F000000000000007C000EC
:101C400000000000003F00000000000000FC000059
:101C50000000000003E0000000000000078000001A
:101C60000000000002000000000000000000000072
:101C70000000000000000000000000000000000064
:101C80000000000000000000000000000000000054
:101C90000000000000000000000000000000003F05
:101CA000FF000000000003FFFFF0000000001FFF26
:101CB000FFFE000000007FFFFFFF80000000FFC06C
:101CC00000FFC0000001F8000007E0000003E00092
:101CD0000001F0000007800000007800000E000006
:101CE00000001C00000C000000000C00001C0000A4
:101CF00000000E00001800000000060000180000A0
:101D00000000060000180000000006000018000097
:101D1000000006000018000000000600000C000093
:101D200000000C00000E000000001C000007000076
:101D3000000038000007C0000000F8000003F000B9
:101D40000007F0000000FF80007FC00000007FFF60
:101D5000FFFF800000001FFFFFFE0000000003FFE8
:101D6000FFF000000000003FFF0000000000000046
:101D70000000000000000000000000000000000063
:101D80000000000000000000000000000000000053
:101D90000000000000000000000000000000000043
:101DA0000000000000000000000000000000000033
:101DB00000000000000000000000000000018000A2
:101DC0000000060000018000000006000001800005
:101DD00000000600000180000000060000018000F5
:101DE000000006000001800000000E000003C0009B
:101DF00000001E000003FFFFFFFFFE000007FFFFC3
:101E0000FFFFFE00000FFFFFFFFFFE00001FFFFFB0
:101E1000FFFFFE000000000000001E0000000000A8
:101E200000000E000000000000000600000000009E
:101E30000000060000000000000006000000000096
:101E40000000060000000000000006000000000086
:101E50000000000000000000000000000000000082
:101E60000000000000000000000000000000000072
:101E70000000000000000000000000000000000062
:101E80000000000000000000000000000000000052
:101E90000000000000000000000000000000000042
:101EA00000003E0000001F8000007E000000FFC018
:101EB0000001FE000001FFC00003DE000003FFC0C0
:101EC00000079E0000078FC0000F1E000007038060
:101ED000001C1E00000E000000381E00000C000058
:101EE00000701E00001C000000E01E000018000032
:101EF00001C01E000018000003801E000018000032
:101F000007001E00001800000E001E000018000050
:101F10001C001E000018000038001E00001C0000FD
:101F200070001E00000C0001E0001E00000E000307
:101F3000C0001E00000F000F80001E000007C07FC1
:101F400000003E000003FFFE00007E000001FFFCD9
:101F50000000FE000000FFF0000FFE0000003F80C8
:101F6000000F000000000000000000000000000062
:101F70000000000000000000000000000000000061
:101F80000000000000000000000000000000000051
:101F90000000000000000000000000000000000041
:101FA00000000000000000000007800000007C002E
:101FB000000FE0000001FE00001FF0000003FE0023
:101FC000001FF80000061C00001FF800000C0000B5
:101FD000000F1C00000C000000000C0000080000B6
:101FE00000000E000018000180000600001800012B
:101FF00080000600001800018000060000180001A3
:10200000800006000018000380000600001C00038A
:10201000C0000600001C0007C0000600000E0006FD
:10202000C0000C00000F001EE0000C000007E07C68
:1020300070001C000003FFF8380078000001FFF07A
:102040003E01F0000000FFE01FFFE00000003F80C5
:102050000FFFC0000000000003FF80000000000030
:1020600000FE000000000000000000000000000072
:102070000000000000000000000000000000000060
:102080000000000000000000000000000000000050
:10209000000000000000000001C00000000000007F
:1020A00003C00000000000000FC00000000000009E
:1020B0001CC000000000000078C00000000000010B
:1020C000E0C000000000000380C000000000000F1E
:1020D00000C000000000001C00C0000000000078EC
:1020E00000C00000000000E000C00600000003C0C7
:1020F00000C0060000000F0000C0060000001E0027
:1021000000C006000000780000C006000000E000EB
:1021100000C006000003C00000C00E000007FFFF63
:10212000FFFFFE00001FFFFFFFFFFE00001FFFFF7D
:10213000FFFFFE00001FFFFFFFFFFE00000000008A
:1021400000C00E000000000000C0060000000000FB
:1021500000C006000000000000C0060000000000F3
:1021600000C006000000000000C0060000000000E3
:1021700000C000000000000000000000000000009F
:10218000000000000000000000000000000000004F
:10219000000000000000000000000000000000003F
:1021A0000000000000000000000F800000000000A0
:1021B000001FC0000000007FC03FE000001FFFFFC5
:1021C000C03FF000001FFE01C03FF800001E0007E6
:1021D000001E1C00001E000E00000C00001E001C53
:1021E00000000C00001E001C00000600001E00186D
:1021F00000000600001E003800000600001E003827
:1022000000000600001E003800000600001E003816
:1022100000000600001E003800000600001E003C02
:1022200000000C00001E003C00001C00001E001EF0
:1022300000003C00001E001F80007800001E000F00
:10224000F003F000001E0007FFFFE000001E000387
:10225000FFFFC000001C0000FFFF000000000000A6
:102260001FF8000000000000000000000000000057
:10227000000000000000000000000000000000005E
:10228000000000000000000000000000000000004E
:102290000000000000000000000000000000000F2F
:1022A000FFC00000000001FFFFFC000000000FFF66
:1022B000FFFF000000003FFFFFFFC00000007F8025
:1022C000781FE0000000F001E001F0000001C00311
:1022D000C000F8000003800780003C0000070007F2
:1022E00000001C000006000E00000C00000C000E98
:1022F00000000E00000C001C000006000018001C6E
:10230000000006000018001C000006000018001C59
:10231000000006000018001C000006000018001C49
:10232000000006000018001E00000C00001C000E3B
:1023300000000C00000FE00F00001C00000FF00F69
:10234000C00078000007F007F003F0000003F0037E
:10235000FFFFE0000001E001FFFFC00000000000FF
:102360007FFF0000000000000FF8000000000000E8
:10237000000000000000000000000000000000005D
:10238000000000000000000000000000000000004D
:10239000000000000000000000000000000000003D
:1023A0000000000000001C0000000000000FFC0006
:1023B00000000000001FE00000000000001F80007F
:1023C00000000000001F000000000000001F0000CF
:1023D00000000000001E000000000000001E0000C1
:1023E0000003FC00001E0000007FFE00001E000035
:1023F00003FFFE00001E00001FFFFE00001E000085
:102400007FFFFE00001E0001FFFFFC00001E000712
:10241000F8000000001E003FC0000000001E00FE8B
:1024200000000000001E01F000000000001E0780F8
:1024300000000000001E1E0000000000001E7800CA
:1024400000000000001FE00000000000001F8000EE
:1024500000000000001E000000000000001C000042
:10246000000000000000000000000000000000006C
:10247000000000000000000000000000000000005C
:10248000000000000000000000000000000000004C
:10249000000000000000000000000000000000003C
:1024A00000FE000000003F8003FF80000000FFE00E
:1024B0000FFFE0000001FFF01FFFF0000003FFF836
:1024C0003F01F0000007C1FC7C007800000F007E97
:1024D00070001C00000E003EE0001C00000C001FFD
:1024E000C0000C00001C000F80000E000018000F40
:1024F0008000060000180007800006000018000792
:10250000C000060000180003C00006000018000309
:10251000E000060000180001F0000600001C0003A7
:10252000F8000E00000C0006F8000C00000E000E73
:102530007C001C00000F001C7F0038000007C078E2
:102540003FC0F8000003FFF81FFFF0000001FFF09C
:102550000FFFE0000000FFC003FF800000003F000D
:1025600000FE00000000000000000000000000006D
:10257000000000000000000000000000000000005B
:10258000000000000000000000000000000000004B
:10259000000000000000000000000000000007FE36
:1025A0000000000000003FFFC00000000000FFFF2F
:1025B000E001E0000001FFFFF003F8000003F0037A
:1025C000F803FC0000078000FC03FC00000F000083
:1025D0003C01FC00000E00001E000E00001C00006C
:1025E0001E000600001800000E0006000018000083
:1025F0000E000600001800000E0006000018000083
:102600000E000600001800000E000C00001800006C
:102610001C000C00001C00001C001C00000C000032
:1026200038003800000E00007800F00000070000BD
:10263000F003E0000003C001C01FC0000001F80764
:1026400003FF80000000FFFFFFFE000000003FFFCF
:10265000FFF8000000000FFFFFC00000000000FFB7
:10266000FC0000000000000000000000000000006E
:10267000000000000000000000000000000000005A
:10268000000000000000000000000000000000004A
:10269000000000000000000000000000000000003A
:1026A000000000000000000000000000000000002A
:1026B000000000000000000000000000000000001A
:1026C000000000000000000000000000000000000A
:1026D00000000000000000000000000000000000FA
:1026E0000000000000000038000038000000007CFE
:1026F00000007C00000000FE0000FE00000000FE64
:102700000000FE00000000FE0000FE000000007C53
:1027100000007C00000000380000380000000000CD
:1027200000000000000000000000000000000000A9
:102730000000000000000000000000000000000099
:102740000000000000000000000000000000000089
:102750000000000000000000000000000000000079
:102760000000000000000000000000000000000069
:102770000000000000000000000000000000000059
:102780000000000000000000000000000000000049
:102790000000000000000000000000000000000039
:1027A0000000000000000000000000000000000029
:1027B0000000000000000000000000000000000019
:1027C0000000000000000000000000000000000009
:1027D00000000000000000000000000000000000F9
:1027E0000000000000000000000000000000003EAB
:1027F00000003E040000003E00003E3C0000003EA1
:1028000000003EFC0000003E00003FF00000003EE3
:1028100000003FC00000003E00003F00000000003C
:1028200000000000000000000000000000000000A8
:102830000000000000000000000000000000000098
:102840000000000000000000000000000000000088
:102850000000000000000000000000000000000078
:102860000000000000000000000000000000000068
:102870000000000000000000000000000000000058
:102880000000000000000000000000000000000048
:102890000000000000000000000000000000000038
:1028A00000000000000000008000000000000001A7
:1028B000C000000000000003E0000000000000076E
:1028C000700000000000000E380000000000001C36
:1028D0001C000000000000380E0000000000007026
:1028E00007000000000000E003800000000001C0BD
:1028F00001C000000000038000E0000000000700AD
:102900000070000000000E000038000000001C00F5
:10291000001C000000003800000E000000007000E5
:10292000000700000000E000000380000001C0007C
:102930000001C000000380000000E000000700006C
:1029400000007000000E000000003800001C0000B5
:1029500000001C000038000000000E000010000005
:102960000000040000000000000000000000000063
:102970000000000000000000000000000000000057
:102980000000000000000000000000000000000047
:1029900000000000000000C006000000000000C0B1
:1029A00006000000000000C006000000000000C09B
:1029B00006000000000000C006000000000000C08B
:1029C00006000000000000C006000000000000C07B
:1029D00006000000000000C006000000000000C06B
:1029E00006000000000000C006000000000000C05B
:1029F00006000000000000C006000000000000C04B
:102A000006000000000000C006000000000000C03A
:102A100006000000000000C006000000000000C02A
:102A200006000000000000C006000000000000C01A
:102A300006000000000000C006000000000000C00A
:102A400006000000000000C006000000000000C0FA
:102A500006000000000000C006000000000000C0EA
:102A600006000000000000C006000000000000C0DA
:102A70000600000000000000000000000000000050
:102A80000000000000000000000000000000000046
:102A90000000000000000000000000000000000036
:102AA00000000000001000000000040000380000DA
:102AB00000000E00001C000000001C00000E0000C2
:102AC00000003800000700000000700000038000D4
:102AD0000000E0000001C0000001C0000000E000B4
:102AE00000038000000070000007000000003800B4
:102AF000000E000000001C00001C000000000E0082
:102B00000038000000000700007000000000038093
:102B100000E00000000001C001C00000000000E073
:102B20000380000000000070070000000000003873
:102B30000E0000000000001C1C0000000000000E41
:102B400038000000000000077000000000000003D3
:102B5000E000000000000001C000000000000000D4
:102B600080000000000000000000000000000000E5
:102B70000000000000000000000000000000000055
:102B80000000000000000000000000000000000045
:102B900000000000000000000000000000000FC066
:102BA0000000000000003FE0000000000000FFF017
:102BB000000000000001C3F000000000000381F0ED
:102BC00000000000000701E0000000000006000017
:102BD00000000000000C000000000000000C0000DD
:102BE000000000000018000000003800001800007D
:102BF00000007C00001800000FF0FE00001800002C
:102C00003FF0FE00001800007800FE0000180000F1
:102C1000F0007C0000180001E0003800001C0001FA
:102C2000C0000000000C000380000000000E000740
:102C300080000000000F000F000000000007C03FF0
:102C4000000000000007FFFE000000000003FFFC82
:102C5000000000000001FFFC0000000000007FF009
:102C60000000000000001FC0000000000000000085
:102C70000000000000000000000000000000000054
:102C80000000000000000000000000000000000044
:102C90000000000000000000000000000000001F15
:102CA000FF000000000001FFFFF0000000000FFF28
:102CB000FFFC000000003FFFFFFF000000007FC09E
:102CC000007FC0000000FC000007E0000001E00001
:102CD0000001F0000003C000FF807800000700073B
:102CE000FFE03C00000E003FFFF01C00000E00FF64
:102CF000FFF80C00001C03FF00380E00001807F05E
:102D00000018060000180F800010060000181E00B2
:102D10000030060000181C0000C006000018180053
:102D200007C0060000181803FFF00600000C0FFF94
:102D3000FFF80C00000C1FFFF8180C0000061FFC29
:102D40000018180000071E00001038000003800063
:102D5000007070000001E00000E0E00000007E0074
:102D60000F81C00000001FFFFE070000000001FFF0
:102D7000E00400000000000000000000000000006F
:102D80000000000000000000000000000000000043
:102D90000000060000000000000006000000000027
:102DA00000000E000000000000003E0000000000D7
:102DB0000003FE0000000000003FFE0000000000D5
:102DC00003FE0E00000000003FE0060000000003CC
:102DD000FE0006000000003FE6000000000003FCCB
:102DE0000600000000003FC0060000000003FC00D9
:102DF00006000000001FC00006000000001F0000C9
:102E000006000000001FF00006000000001FFF8009
:102E1000060000000003FFF80600000000003FFF6E
:102E200086000000000003FFFE0006000000003FD7
:102E3000FFE0060000000003FFFE060000000000A7
:102E40001FFFFE000000000001FFFE000000000068
:102E5000001FFE00000000000001FE000000000056
:102E600000001E000000000000000E000000000036
:102E70000000060000000000000006000000000046
:102E80000000000000000000000000000000000042
:102E900000000600001800000000060000180000F6
:102EA000000006000018000000000600001FFFFFE1
:102EB000FFFFFE00001FFFFFFFFFFE00001FFFFFE0
:102EC000FFFFFE00001FFFFFFFFFFE00001C0003CE
:102ED00000000E00001800030000060000180003A8
:102EE00000000600001800030000060000180003A0
:102EF0000000060000180003000006000018000390
:102F0000000006000018000300000600001800037F
:102F1000000006000018000300000600001C000767
:102F200080000600001C000D80000E00000E000D49
:102F300080000C00000F001CC0001C00000FC078B7
:102F4000E0003C000007FFF0700078000003FFF095
:102F50007E01F8000001FFE03FFFF00000007F006D
:102F60001FFFE0000000000007FF800000000000DD
:102F700000FE000000000000000000000000000053
:102F80000000000000000000000000000000000041
:102F9000000000000000001FFF000000000001FF13
:102FA000FFF80000000007FFFFFE000000001FFF09
:102FB000FFFF800000007FE000FFC0000000FC0079
:102FC0000007E0000001F0000001F0000003C00075
:102FD0000000780000070000000038000006000034
:102FE00000001C00000E000000000C00000C00009F
:102FF00000000E000018000000000600001800008D
:103000000000060000180000000006000018000084
:103010000000060000180000000006000018000074
:10302000000006000018000000000600001C000060
:1030300000000C00000C000000000C00000E00005E
:1030400000001800000F000000003000000F80009A
:1030500000007000000FC0000000C000001FF00062
:10306000000380000001FE00003E000000000C0094
:103070000018000000000000000000000000000038
:103080000000000000000000000000000018000028
:1030900000000600001800000000060000180000F4
:1030A00000000600001C000000000E00001FFFFFD3
:1030B000FFFFFE00001FFFFFFFFFFE00001FFFFFDE
:1030C000FFFFFE00001FFFFFFFFFFE00001C0000CF
:1030D00000000E00001800000000060000180000AC
:1030E00000000600001800000000060000180000A4
:1030F0000000060000180000000006000018000094
:10310000000006000018000000000E00000C000087
:1031100000000C00000C000000001C00000E00006D
:1031200000001C000006000000003800000700003E
:1031300000007800000380000000F0000001E000C3
:103140000001E0000001F800000FC0000000FF8057
:1031500000FF800000003FFFFFFF000000001FFF96
:10316000FFFC0000000003FFFFF000000000003F34
:10317000FE00000000000000000000000000000051
:10318000000000000000000000000000000000003F
:1031900000000000001800000000060000180000F9
:1031A000000006000018000000000600001C0000DF
:1031B00000000E00001FFFFFFFFFFE00001FFFFFCB
:1031C000FFFFFE00001FFFFFFFFFFE00001FFFFFCD
:1031D000FFFFFE00001C000300000E0000180003AB
:1031E000000006000018000300000600001800039D
:1031F000000006000018000300000600001800038D
:10320000000006000018000300000600001800037C
:103210000000060000180003000006000018000768
:10322000800006000018000FE0000600001C01FFEF
:10323000FE000600001C01FFFE000E00001E000044
:1032400000000E00001F000000001E00001F800094
:1032500000003E00000FE00000007E000001F000D2
:103260000001FC00000030000007E000000000004A
:103270000006000000000000000000000000000048
:10328000000000000000000000000000000000003E
:1032900000000000001800000000060000180000F8
:1032A000000006000018000000000600001C0000DE
:1032B00000000E00001FFFFFFFFFFE00001FFFFFCA
:1032C000FFFFFE00001FFFFFFFFFFE00001FFFFFCC
:1032D000FFFFFE00001C000180000E00001800012E
:1032E00080000600001800018000060000180001A0
:1032F0008000060000180001800000000018000196
:10330000800000000018000180000000001800018B
:10331000800000000018000180000000001800017B
:103320008000000000180003C00000000018000723
:10333000F0000000001C007FFF000000001C007F68
:10334000FF000000001E000000000000001E000042
:1033500000000000001F000000000000001F8000AF
:1033600000000000000FE000000000000001F80075
:10337000000000000000300000000000000000001D
:10338000000000000000000000000000000000003D
:10339000000000000000001FFF000000000001FF0F
:1033A000FFF00000000007FFFFFC000000001FFF0F
:1033B000FFFF000000007FC000FFC0000000FC0015
:1033C000000FE0000003E0000001F0000003C00077
:1033D000000078000007000000003C00000E000024
:1033E00000001C00000C000000000C00001C00008D
:1033F00000000E0000180000000006000018000089
:103400000000060000180000000006000018000080
:1034100000000600001800000C000600000C000070
:103420000C000600000C00000C000C000006000060
:103430000C000C00000700000E0038000007C00060
:103440000FFFF800000FF0000FFFF0000003FE0078
:103450000FFFF00000001C000FFFF800000000004C
:103460000E000000000000000C0000000000000042
:103470000C000000000000000C0000000000000034
:103480000000000000000000000000000018000024
:1034900000000600001800000000060000180000F0
:1034A00000000600001C000000000E00001FFFFFCF
:1034B000FFFFFE00001FFFFFFFFFFE00001FFFFFDA
:1034C000FFFFFE00001FFFFFFFFFFE00001C0001CA
:1034D00080000E00001800018000060000180001A6
:1034E00080000600001800018000060000000001B6
:1034F00080000000000000018000000000000001CA
:1035000080000000000000018000000000000001B9
:103510008000000000000001800000000018000191
:10352000800006000018000180000600001800015D
:1035300080000600001C000180000E00001FFFFF3D
:10354000FFFFFE00001FFFFFFFFFFE00001FFFFF49
:10355000FFFFFE00001FFFFFFFFFFE00001C00003A
:1035600000000E0000180000000006000018000017
:103570000000060000180000000006000000000027
:10358000000000000000000000000000000000003B
:10359000000000000000000000000000000000002B
:1035A000000000000000000000000000000000001B
:1035B00000000000001800000000060000180000D5
:1035C00000000600001800000000060000180000BF
:1035D00000000600001800000000060000180000AF
:1035E000000006000018000000000600001C00009B
:1035F00000000E00001FFFFFFFFFFE00001FFFFF87
:10360000FFFFFE00001FFFFFFFFFFE00001FFFFF88
:10361000FFFFFE00001C000000000E00001800006C
:10362000000006000018000000000600001800005E
:10363000000006000018000000000600001800004E
:10364000000006000018000000000600001800003E
:103650000000060000000000000000000000000064
:10366000000000000000000000000000000000005A
:10367000000000000000000000000000000000004A
:10368000000000000000000000000000000000003A
:103690000000000000000000000000F0000000003A
:1036A000000001F800000000000001FC0000000024
:1036B000000001FC00000000000001FE000000000E
:1036C000000000EE00000000000000060000000006
:1036D00000000006001800000000000600180000AE
:1036E000000000060018000000000006001800009E
:1036F00000000006001800000000000C0018000088
:103700000000001C0018000000000038001C000031
:10371000000000F8001FFFFFFFFFFFF0001FFFFF8A
:10372000FFFFFFE0001FFFFFFFFFFF80001FFFFF05
:10373000FFFFFE00001C0000000000000018000059
:103740000000000000180000000000000018000049
:103750000000000000180000000000000018000039
:103760000000000000180000000000000018000029
:103770000000000000000000000000000000000049
:103780000000000000000000000000000018000021
:1037900000000600001800000000060000180000ED
:1037A00000000600001C000000000E00001FFFFFCC
:1037B000FFFFFE00001FFFFFFFFFFE00001FFFFFD7
:1037C000FFFFFE00001FFFFFFFFFFE00001C0000C8
:1037D00070000E0000180001E00006000018000351
:1037E000800006000018000F000006000000001F07
:1037F000000000000000007FC0000000000000FF8B
:10380000F0000000000003C7FC00000000000701FA
:10381000FF00000000181E007FC0000000183800E4
:103820001FF000000018700007FC0600001DE000FB
:1038300001FF0600001F8000007FC600001F00007F
:10384000001FFE00001E00000003FE00001C000020
:103850000000FE000018000000003E0000180000FC
:1038600000001E000018000000000E000000000014
:10387000000006000000000000000600000000003C
:103880000000000000000000000000000000000038
:1038900000000000001800000000060000180000F2
:1038A000000006000018000000000600001C0000D8
:1038B00000000E00001FFFFFFFFFFE00001FFFFFC4
:1038C000FFFFFE00001FFFFFFFFFFE00001FFFFFC6
:1038D000FFFFFE00001C000000000E0000180000AA
:1038E000000006000018000000000600001800009C
:1038F00000000600000000000000060000000000BC
:1039000000000600000000000000060000000000AB
:10391000000006000000000000000600000000009B
:10392000000006000000000000000600000000008B
:10393000000006000000000000000E000000000073
:1039400000000E000000000000001E00000000004B
:1039500000003E000000000000007E0000000000AB
:103960000001FE00000000000007F0000000000061
:103970000006000000000000000000000000000041
:10398000000000000000000000000000001800001F
:10399000000006000018000000000600001C0000E7
:1039A00000000E00001FFFFFFFFFFE00001FFFFFD3
:1039B000FFFFFE00001FF00000000E00001FFF8050
:1039C00000000600001FFFFC000006000000FFFFD3
:1039D000C0000000000007FFFE0000000000003FE4
:1039E000FFF0000000000003FFFF000000000000E7
:1039F0001FFFF8000000000000FFFE0000000000B4
:103A0000000FFC0000000000007FC000000000006C
:103A100007F8000000000000FF8000000000000F19
:103A2000F8000000000001FF0000000000001FF08F
:103A3000000006000003FE0000000600001FE0007A
:103A400000000600001FFFFFFFFFFE00001FFFFF3A
:103A5000FFFFFE00001FFFFFFFFFFE00001FFFFF34
:103A6000FFFFFE00001C000000000E000018000018
:103A70000000060000180000000006000000000022
:103A8000000000000000000000000000001800001E
:103A900000000600001800000000060000180000EA
:103AA00000000600001C000000000E00001FFFFFC9
:103AB000FFFFFE00001FFFFFFFFFFE00001F800052
:103AC00000000E00001FE00000000600000FF800DC
:103AD000000006000001FF000000060000007FC09B
:103AE0000000000000001FF000000000000007FCC4
:103AF00000000000000001FF000000000000007F47
:103B0000C00000000000000FF800000000000003EB
:103B1000FE00000000000000FF8000000000000028
:103B20003FE00000000000000FF800000018000057
:103B300003FE000000180000007FC0000018000015
:103B4000001FF000001C00000007FC00001FFFFF2A
:103B5000FFFFFE00001FFFFFFFFFFE00001C000034
:103B60000000000000180000000000000018000025
:103B7000000000000018000000000000000000002D
:103B80000000000000000000000000000000000035
:103B9000000000000000003FFE000000000003FFE6
:103BA000FFF0000000000FFFFFFC000000003FFFDF
:103BB000FFFF00000000FF80007F80000001F80090
:103BC0000007E0000003C0000000F00000078000D4
:103BD00000007800000E000000003800000E000019
:103BE00000001C00000C000000000C000018000089
:103BF0000000060000180000000006000018000089
:103C00000000060000180000000006000018000078
:103C1000000006000018000000000600000C000074
:103C200000000C00000C000000000C00000E000062
:103C300000001C0000070000000038000003C00066
:103C40000000F0000001F8000003E0000000FF8029
:103C5000007FC00000003FFFFFFF000000000FFFDB
:103C6000FFFC0000000003FFFFF000000000001F49
:103C7000FF00000000000000000000000000000045
:103C80000000000000000000000000000000000034
:103C900000000000001800000000060000180000EE
:103CA000000006000018000000000600001C0000D4
:103CB00000000E00001FFFFFFFFFFE00001FFFFFC0
:103CC000FFFFFE00001FFFFFFFFFFE00001FFFFFC2
:103CD000FFFFFE00001C000060000E000018000046
:103CE00060000600001800006000060000180000D8
:103CF00060000600001800006000000000180000CE
:103D000060000000001800006000000000180000C3
:103D1000600000000018000060000000001C0000AF
:103D2000E0000000001C0000E0000000000C0001AA
:103D3000C0000000000E0001C000000000070007E6
:103D4000800000000007E01F800000000003FFFF6C
:103D5000000000000001FFFE0000000000007FF8EE
:103D60000000000000001FE0000000000000000054
:103D70000000000000000000000000000000000043
:103D80000000000000000000000000000000000033
:103D9000000000000000003FFF000000000003FFE3
:103DA000FFF8000000001FFFFFFE000000007FFF83
:103DB000FFFF80000000FFC0001FC0000001F800EE
:103DC0000001E0000003C0000007F00000078000D1
:103DD000000FF800000E0000001C1C00000E000088
:103DE000003C0C00001C000000380C000018000013
:103DF0000038060000180000003806000018000017
:103E0000003C060000180000003E060000180000FC
:103E1000001F860000180000001FF600000C0000C4
:103E20000007FF00000C00000003FFC0000E0000B0
:103E30000000FFF00007000000003FF80003C00092
:103E4000000079F80001F0000001F0780000FF8028
:103E5000003FC07800007FFFFFFF807000001FFF61
:103E6000FFFE00E0000003FFFFF803800000003FBA
:103E7000FF800000000000000000000000000000C3
:103E80000000000000000000000000000000000032
:103E900000000000001800000000060000180000EC
:103EA000000006000018000000000600001C0000D2
:103EB00000000E00001FFFFFFFFFFE00001FFFFFBE
:103EC000FFFFFE00001FFFFFFFFFFE00001FFFFFC0
:103ED000FFFFFE00001C000180000E000018000122
:103EE0008000060000180001800006000018000194
:103EF000800006000018000180000000001800018A
:103F00008000000000180001E0000000001800011F
:103F1000FC00000000180001FF800000001C0003EE
:103F2000FFE00000001C00030FFC0000000E000773
:103F300003FF0000000F000F00FFE0000007C03E7D
:103F4000001FFC000007FFFC0007FE000003FFF855
:103F50000000FE000001FFF000003E0000003F8076
:103F600000000E000000000000000600000000003D
:103F70000000060000000000000006000000000035
:103F80000000000000000000000000000000000031
:103F90000000000000000000000000000000000021
:103FA000001C000000001F80003FF0000000FFF038
:103FB0000007FE000001FFF80001FC000003FFFC09
:103FC000000078000007C0FC00003800000F007EF1
:103FD00000001800000C003F00000800001C001F3B
:103FE00000000C000018000F80000C000018000FEB
:103FF0008000060000180007C00006000018000737
:10400000C000060000180003E000060000180003CE
:10401000E0000600001C0001F0000600000C00019A
:10402000F0000E00000E0000F8000C000007000079
:10403000FC001C00000780007E0038000007E00044
:104040003F80F800000FF8001FFFF0000000F800AC
:104050000FFFE0000000000007FF800000000000EC
:1040600000FE000000000000000000000000000052
:104070000000000000000000000000000000000040
:104080000000000000000000000000000000000030
:104090000000000000001800000000000003F8000D
:1040A00000000000001FC00000000000001F000012
:1040B00000000000001E000000000000001C0000C6
:1040C00000000000001800000000000000180000C0
:1040D00000000600001800000000060000180000A4
:1040E0000000060000180000000006000018000094
:1040F00000000E00001FFFFFFFFFFE00001FFFFF7C
:10410000FFFFFE00001FFFFFFFFFFE00001FFFFF7D
:10411000FFFFFE000018000000000E000018000065
:104120000000060000180000000006000018000053
:104130000000060000180000000006000018000043
:1041400000000000001C000000000000001C000037
:1041500000000000001F000000000000001FC00061
:10416000000000000007F000000000000000380020
:10417000000000000000000000000000000000003F
:104180000000000000000000000000000018000017
:1041900000000000001800000000000000180000EF
:1041A00000000000001C000000000000001FFFFFD6
:1041B000FFFF0000001FFFFFFFFFC000001FFFFF09
:1041C000FFFFF000001FFFFFFFFFF800001C0000D2
:1041D000000078000018000000001C00001800001B
:1041E00000000C000018000000000E00000000009D
:1041F00000000600000000000000060000000000B3
:1042000000000600000000000000060000000000A2
:104210000000060000000000000006000000000092
:1042200000000C000000000000000C00001800005E
:1042300000001C00001800000000380000180000FA
:1042400000007000001C00000001E000001FFFFFE4
:10425000FFFFC000001FFFFFFFFF0000001C000069
:10426000000000000018000000000000001800001E
:104270000000000000180000000000000000000026
:104280000000000000000000000000000018000016
:1042900000000000001800000000000000180000EE
:1042A00000000000001E000000000000001FE000F1
:1042B00000000000001FFE0000000000001FFFE0E3
:1042C00000000000001FFFFE0000000000183FFF7C
:1042D000F0000000001803FFFF0000000018001F9E
:1042E000FFF0000000000001FFFF000000000000E0
:1042F0001FFFF0000000000000FFFE0000000000B3
:10430000000FFE00000000000007F00000000000A9
:10431000007F00000000000007F000000000000027
:104320007F00000000000007F80000000018007F78
:1043300080000000001803F80000000000183F8013
:1043400000000000001FF80000000000001FC00077
:1043500000000000001E0000000000000018000027
:10436000000000000018000000000000001800001D
:10437000000000000000000000000000000000003D
:104380000000000000000000000000000018000015
:10439000000000000018000000000000001F0000E6
:1043A00000000000001FFC0000000000001FFFF8DC
:1043B00000000000001FFFFFF000000000180FFFCA
:1043C000FFE000000018001FFFFFC0000018000001
:1043D0001FFFFE0000000000003FFE000000000084
:1043E000007FE000001800000FF800000018000136
:1043F000FF000000001E003FE0000000001FFFF86B
:1044000000000000001FFFFC00000000001FFFFF75
:10441000F800000000181FFFFFF000000018001F48
:10442000FFFFE000000000003FFFFE000000000072
:10443000003FFE000000000001FF800000000000BF
:104440007FE000000018001FF8000000001807FEC1
:1044500000000000001FFF8000000000001FE000BF
:1044600000000000001C0000000000000018000018
:104470000000000000180000000000000000000024
:10448000000000000000000000000000000000002C
:1044900000000000000000000000060000180000FE
:1044A000000006000018000000000600001C0000CC
:1044B00000000E00001F000000001E00001FC000D2
:1044C00000007E00001FF0000001FE00001FFE0043
:1044D000000F8600001CFF80003C060000183FE033
:1044E00000F00000001807FC03C00000000001FFFE
:1044F0000F0000000000007FFC0000000000000F23
:10450000F000000000000003FC0000000000001E9E
:10451000FF800000000000783FE00000000001E0A4
:104520000FF8060000180F8003FF060000183C007B
:10453000007FC600001CF000001FFE00001FC0002E
:104540000007FE00001F00000001FE00001C00002C
:1045500000007E000018000000001E00001800008F
:1045600000000E000018000000000600000000001F
:104570000000060000000000000000000000000035
:10458000000000000000000000000000000000002B
:1045900000000000001800000000000000180000EB
:1045A00000000000001C000000000000001E0000D1
:1045B00000000000001FC00000000000001FF0000D
:1045C00000000000001FFE0000000000001FFFC0F0
:1045D0000000060000187FF80000060000180FFE1B
:1045E00000000600001801FFC00006000000003FA8
:1045F000F8000E000000000FFFFFFE0000000001A9
:10460000FFFFFE00000000003FFFFE000000000072
:10461000FFFFFE0000000003E0000E000000000F9E
:10462000800006000000007C00000600001801F079
:1046300000000600001807C00000060000183E0039
:1046400000000000001EF80000000000001FC00075
:1046500000000000001F000000000000001C00001F
:1046600000000000001C0000000000000018000016
:104670000000000000180000000000000000000022
:10468000000000000000000000000000000000002A
:104690000000000000000000000002000000100008
:1046A00000000E000000F80000003E000007E000DF
:1046B0000000FE00001FC0000003FE00001F80007D
:1046C000000FF600001F0000001FC600001E0000C3
:1046D000007F0600001C000001FC0600001C00001A
:1046E00007F00600001800001FE006000018000098
:1046F0007F80060000180001FE0006000018000779
:10470000F80006000018001FE00006000018007FF7
:1047100080000600001801FE00000600001803F8E3
:104720000000060000180FE00000060000183F809F
:1047300000000E000018FE0000000E00001BFC0030
:1047400000001E00001FF00000003E00001FC0001F
:104750000000FE00001F00000003FC00001C000021
:10476000000FC00000100000000C0000000000005E
:104770000000000000000000000000000000000039
:104780000000000000000000000000000000000029
:104790000000000000000000000000000000000019
:1047A0000000000000000000000000000000000009
:1047B00000000000000000000000000000000000F9
:1047C00000000000000000000000000000000000E9
:1047D00000000000000000000000000000000000D9
:1047E000000000000FFFFFFFFFFFFFF00FFFFFFFC4
:1047F000FFFFFFF00FFFFFFFFFFFFFF00C000000C7
:10480000000000300C000000000000300C00000030
:10481000000000300C000000000000300C00000020
:10482000000000300C000000000000300C00000010
:10483000000000300C000000000000300C00000000
:10484000000000300C000000000000300C000000F0
:10485000000000300C000000000000300C000000E0
:104860000000003000000000000000000000000018
:104870000000000000000000000000000000000038
:104880000000000000000000000000000000000028
:104890000000000000000000000000000000000018
:1048A00000000000000000000000000000C0000048
:1048B0000000000000F000000000000000FE00000A
:1048C00000000000003FC00000000000000FF000EA
:1048D000000000000001FE000000000000003F801A
:1048E0000000000000000FF000000000000001FCCC
:1048F000000000000000007F800000000000000FAA
:10490000E000000000000003FC00000000000000C8
:104910007F000000000000001FE000000000000019
:1049200003F800000000000000FF0000000000008D
:10493000001FE000000000000007F8000000000079
:104940000000FF000000000000001FC00000000089
:10495000000007F800000000000000FC000000005C
:104960000000003C00000000000000040000000007
:104970000000000000000000000000000000000037
:104980000000000000000000000000000000000027
:104990000000000000000000000000000000000017
:1049A000000000000C000000000000300C000000BF
:1049B000000000300C000000000000300C0000007F
:1049C000000000300C000000000000300C0000006F
:1049D000000000300C000000000000300C0000005F
:1049E000000000300C000000000000300C0000004F
:1049F000000000300C000000000000300C0000003F
:104A0000000000300C000000000000300FFFFFFF2E
:104A1000FFFFFFF00FFFFFFFFFFFFFF000000000B0
:104A20000000000000000000000000000000000086
:104A30000000000000000000000000000000000076
:104A40000000000000000000000000000000000066
:104A50000000000000000000000000000000000056
:104A60000000000000000000000000000000000046
:104A70000000000000000000000000000000000036
:104A80000000000000000000000000000000000026
:104A90000000000000000000000000000000000016
:104AA0000000000000000000000000000000000006
:104AB00000000000000000000000000000000000F6
:104AC0000000000000200000000000000040000086
:104AD0000000000000C00000000000000380000093
:104AE0000000000007800000000000000F00000030
:104AF000000000000E000000000000000E0000009A
:104B0000000000000C000000000000000E0000008B
:104B1000000000000E000000000000000F00000078
:104B200000000000070000000000000003800000FB
:104B30000000000001C00000000000000040000074
:104B40000000000000200000000000000000000045
:104B50000000000000000000000000000000000055
:104B60000000000000000000000000000000000045
:104B70000000000000000000000000000000000035
:104B80000000000000000000000000030000000022
:104B9000000000030000000000000003000000000F
:104BA00000000003000000000000000300000000FF
:104BB00000000003000000000000000300000000EF
:104BC00000000003000000000000000300000000DF
:104BD00000000003000000000000000300000000CF
:104BE00000000003000000000000000300000000BF
:104BF00000000003000000000000000300000000AF
:104C0000000000030000000000000003000000009E
:104C1000000000030000000000000003000000008E
:104C2000000000030000000000000003000000007E
:104C3000000000030000000000000003000000006E
:104C4000000000030000000000000003000000005E
:104C5000000000030000000000000003000000004E
:104C6000000000030000000000000003000000003E
:104C7000000000030000000000000003000000002E
:104C80000000000300000000000000000000000021
:104C90000000000000000000000000000000000014
:104CA00000000000000000000000000010000000F4
:104CB00000000000180000000000000018000000C4
:104CC000000000001C000000000000001C000000AC
:104CD000000000001C000000000000001E0000009A
:104CE000000000001E000000000000000F00000097
:104CF000000000000700000000000000038000002A
:104D000000000000018000000000000000C0000062
:104D10000000000000000000000000000000000093
:104D20000000000000000000000000000000000083
:104D30000000000000000000000000000000000073
:104D40000000000000000000000000000000000063
:104D50000000000000000000000000000000000053
:104D60000000000000000000000000000000000043
:104D70000000000000000000000000000000000033
:104D80000000000000000000000000000000000023
:104D90000000000000000000000000000000000013
:104DA0000007C00000000000001FF000000000012C
:104DB000C03FF80000000007E07FFC000000000F8B
:104DC000E0F83C000000000FE1E01E000000001CC5
:104DD00001C00E000000001801800600000000184D
:104DE00003800600000000300300060000000030D1
:104DF000030006000000003007000600000000303D
:104E0000060006000000003006000C000000003024
:104E100006000C00000000300600180000000038FA
:104E2000060018000000001E0C0030000000001FEB
:104E3000FFFFF8000000000FFFFFFC00000000076C
:104E4000FFFFFE0000000003FFFFFE000000000067
:104E50000000060000000000000006000000000046
:104E6000000004000000000000000C000000000032
:104E70000000F00000000000000000000000000042
:104E8000000000000000000000000000001800000A
:104E900000000000001800000000000000180000E2
:104EA00000000000001C000000000000001FFFFFC9
:104EB000FFFFFE00003FFFFFFFFFFE00003FFFFF80
:104EC000FFFFF800007FFFFFFFFFF0000000000180
:104ED000E000700000000003000018000000000661
:104EE00000000C000000000C00000C000000001886
:104EF000000006000000001800000600000000305E
:104F00000000060000000030000006000000003035
:104F10000000060000000030000006000000003025
:104F200000000E000000003800000C000000001C13
:104F300000001C000000001E000078000000000FB0
:104F4000C003F8000000000FFFFFF00000000003A6
:104F5000FFFFC00000000000FFFF80000000000015
:104F60001FFC000000000000000000000000000026
:104F70000000000000000000000000000000000031
:104F80000000000000000000000000000000000021
:104F90000000000000000000000000000000000011
:104FA00000000000000000000FF8000000000000FA
:104FB0007FFF000000000000FFFFC00000000003B2
:104FC000FFFFE00000000007F003F0000000000F0A
:104FD0008000F8000000000F00003C000000001EF0
:104FE00000001C000000001C00000C000000003845
:104FF00000000E000000003000000600000000303D
:105000000000060000000030000006000000003034
:105010000000060000000030000006000000003024
:105020000000060000000038000006000000001824
:1050300000000C000000001FC0000C000000000F6A
:10504000E000180000000007E0003000000000034E
:10505000C000E000000000000003C00000000000ED
:10506000000300000000000000000000000000003D
:105070000000000000000000000000000000000030
:105080000000000000000000000000000000000020
:105090000000000000000000000000000000000010
:1050A00000000000000000000FFC000000000000F5
:1050B0007FFF800000000001FFFFE0000000000310
:1050C000FFFFF00000000007F001F8000000000FF3
:1050D00000007C000000001E00001C000000001CFE
:1050E00000000E000000003800000E00000000303C
:1050F0000000060000000030000006000000003044
:105100000000060000000030000006000000003033
:10511000000004000018001800000C00001800181F
:10512000000018000018000C00003000001C0006F1
:105130000000E000001FFFFFFFFFFE00003FFFFF39
:10514000FFFFFC00003FFFFFFFFFFC00007FFFFFB1
:10515000FFFFFC000000000000003800000000001D
:10516000000018000000000000001800000000000F
:105170000000180000000000000000000000000017
:10518000000000000000000000000000000000001F
:10519000000000000000000000000000000000000F
:1051A00000000000000000000FF8000000000000F8
:1051B0007FFF000000000000FFFFC00000000003B0
:1051C000FFFFE00000000007E183F0000000000F97
:1051D000018078000000000E01803C000000001CEF
:1051E00001801C000000001801800C000000003845
:1051F00001800E0000000030018006000000003039
:105200000180060000000030018006000000003030
:105210000180060000000030018006000000003818
:10522000018006000000001801800C000000001C36
:1052300001800C000000000E018018000000000F2B
:10524000C180380000000007FF80700000000003EC
:10525000FF81C00000000000FF818000000000000E
:105260001F8000000000000000000000000000009F
:10527000000000000000000000000000000000002E
:10528000000000000000000000000000000000001E
:1052900000000000000000000000000000000030DE
:1052A0000000000000000030000006000000003098
:1052B0000000060000000030000006000000003082
:1052C0000000060000000030000006000000003072
:1052D000000006000000003000000E0000003FFF4C
:1052E000FFFFFE000000FFFFFFFFFE000003FFFFC7
:1052F000FFFFFE000007FFFFFFFFFE0000078030FA
:1053000000000E00000E003000000600000C00300F
:1053100000000600001C00300000060000180030ED
:1053200000000600001800300000060000180030E1
:1053300000000600001800300000060000180030D1
:10534000000000000018003000000000001C0000F9
:1053500000000000000FC00000000000000FE0008F
:10536000000000000007E000000000000003C00093
:10537000000000000000000000000000000000002D
:10538000000000000000000000000000000000001D
:10539000000000000000000000000000000000000D
:1053A0000000000000000000000003C0000000003A
:1053B00000000FF000000000FC071FF000000003D9
:1053C000FF1F9FF800000007FF9FF83C0000000F40
:1053D000FFFFF01C0000001F03F1E00C0000001CA8
:1053E00000E1E00E000000380061E006000000303F
:1053F0000031E006000000300030E0060000003020
:105400000030E006000000300030E0060000003010
:105410000030E006000000380070E0060000001CCC
:1054200000F0F0060000001F01E0F00E0000000F89
:10543000FFE0700C0000000FFFC0701C0000001B9C
:10544000FF00783C00000018FC007FF800000038E6
:1054500000003FF00000003C00001FE00000003CA6
:1054600000000FC00000003C000000000000001C15
:10547000000000000000000000000000000000002C
:10548000000000000000000000000000000000001C
:1054900000000000001800000000060000180000D6
:1054A000000006000018000000000600001C0000BC
:1054B00000000E00001FFFFFFFFFFE00003FFFFF88
:1054C000FFFFFE00003FFFFFFFFFFE00007FFFFF2A
:1054D000FFFFFE000000000380000E000000000639
:1054E000000006000000000C000006000000001C88
:1054F000000006000000001800000000000000107E
:10550000000000000000003000000000000000303B
:105510000000000000000030000006000000003025
:105520000000060000000038000006000000003EF9
:1055300000000E000000001FFFFFFE000000001F23
:10554000FFFFFE0000000007FFFFFE00000000015B
:10555000FFFFFE000000000000000E000000000041
:10556000000006000000000000000600000000002F
:105570000000060000000000000000000000000025
:10558000000000000000000000000000000000001B
:10559000000000000000000000000000000000000B
:1055A00000000000000000000000000000000000FB
:1055B0000000000000000030000006000000003085
:1055C000000006000000003000000600000000306F
:1055D000000006000000003000000600000000305F
:1055E000000006000000003000000600000E003041
:1055F00000000E00000F007FFFFFFE00001F807FF5
:10560000FFFFFE00001F80FFFFFFFE00001F80FF66
:10561000FFFFFE00000F000000000E00000E000063
:10562000000006000000000000000600000000006E
:10563000000006000000000000000600000000005E
:10564000000006000000000000000600000000004E
:105650000000060000000000000000000000000044
:10566000000000000000000000000000000000003A
:10567000000000000000000000000000000000002A
:10568000000000000000000000000000000000001A
:10569000000000000000000000000000000000000A
:1056A00000000000000000000000000000000000FA
:1056B00000000038000000000000007C0000000036
:1056C0000000007C000000000000003E0000000020
:1056D0000000000E000000000000000600000000B6
:1056E00000000006000000000000000600000000AE
:1056F000000000060000003000000006000000303E
:1057000000000006000000300000000E0000003025
:105710000000000C000000300000001C000E0030F3
:1057200000000038000F0030000000F8001F807FEC
:10573000FFFFFFF0001F807FFFFFFFE0001F80FFE3
:10574000FFFFFFC0001F00FFFFFFFE00000E000074
:105750000000000000000000000000000000000049
:105760000000000000000000000000000000000039
:105770000000000000000000000000000000000029
:105780000000000000000000000000000000000019
:1057900000000000001800000000060000180000D3
:1057A000000006000018000000000600001C0000B9
:1057B00000000E00001FFFFFFFFFFE00003FFFFF85
:1057C000FFFFFE00003FFFFFFFFFFE00007FFFFF27
:1057D000FFFFFE000000000000700E00000000004F
:1057E00000E006000000000001800600000000004C
:1057F00003000600000000000E0000000000000092
:105800001F000000000000003FC00000000000007A
:1058100077E0000000000030E1F8000000000031F7
:10582000C0FE00000000003F803F06000000003E78
:10583000001FC6000000003C0007F6000000003812
:105840000001FE00000000380000FE0000000030F3
:1058500000003E000000003000001E00000000308C
:1058600000000E0000000000000006000000000024
:105870000000060000000000000000000000000022
:105880000000000000000000000000000000000018
:105890000000000000000000000000000000000008
:1058A00000000000000000000000000000000000F8
:1058B00000000000001800000000060000180000B2
:1058C000000006000018000000000600001800009C
:1058D000000006000018000000000600001800008C
:1058E000000006000018000000000600003C000058
:1058F00000000E00003FFFFFFFFFFE00003FFFFF24
:10590000FFFFFE00007FFFFFFFFFFE00007FFFFFA5
:10591000FFFFFE000000000000000E00000000007D
:10592000000006000000000000000600000000006B
:10593000000006000000000000000600000000005B
:10594000000006000000000000000600000000004B
:105950000000060000000000000000000000000041
:105960000000000000000000000000000000000037
:105970000000000000000000000000000000000027
:105980000000000000000000000000000000000017
:10599000000006000000003000000600000000309B
:1059A000000006000000003FFFFFFE000000003F77
:1059B000FFFFFE000000007FFFFFFE000000007FF1
:1059C000FFFFFE0000000007000006000000000CC2
:1059D0000000060000000018000000000000003079
:1059E0000000000000000030000000000000003057
:1059F0000000060000000038000006000000003F24
:105A0000FFFFFE000000003FFFFFFE000000001F40
:105A1000FFFFFE0000000007FFFFFE000000000681
:105A2000000006000000000C000006000000001846
:105A30000000000000000030000000000000003006
:105A400000000000000000300000060000000038E8
:105A5000000006000000003FFFFFFE000000001FE6
:105A6000FFFFFE000000001FFFFFFE000000000718
:105A7000FFFFFE0000000000000006000000000024
:105A80000000060000000000000000000000000010
:105A900000000000000000300000060000000030A0
:105AA000000006000000003000000600000000308A
:105AB00000000E000000003FFFFFFE000000003F5E
:105AC000FFFFFE000000007FFFFFFE000000007FE0
:105AD000FFFFFE000000000380000E000000000732
:105AE000000006000000000E000006000000000C90
:105AF0000000060000000018000000000000001078
:105B00000000000000000030000000000000003035
:105B1000000000000000003000000600000000301F
:105B20000000060000000038000006000000003EF3
:105B300000000E000000001FFFFFFE000000000F2D
:105B4000FFFFFE0000000007FFFFFE000000000155
:105B5000FFFFFE000000000000000E00000000003B
:105B60000000060000000000000006000000000029
:105B7000000006000000000000000000000000001F
:105B80000000000000000000000000000000000015
:105B90000000000000000000000000000000000005
:105BA00007F80000000000003FFE000000000000B9
:105BB000FFFF800000000001FFFFE0000000000385
:105BC000F003F000000000078000F8000000000F64
:105BD000000038000000001C00001C000000001C39
:105BE00000000C000000003800000E000000003033
:105BF0000000060000000030000006000000003039
:105C00000000060000000030000006000000003028
:105C10000000060000000030000006000000003810
:105C200000000E000000001800000C000000001C26
:105C300000001C000000000E000038000000000FF3
:105C40008000F80000000007F003F00000000003EF
:105C5000FFFFE00000000000FFFF800000000000E8
:105C60003FFF0000000000000FF8000000000000EF
:105C70000000000000000000000000000000000024
:105C80000000000000000000000000000000000014
:105C900000000000000000180000000600000018CE
:105CA0000000000600000018000000060000001CB4
:105CB000000000060000001FFFFFFFFE0000001FA5
:105CC000FFFFFFFE0000003FFFFFFFFE0000003F60
:105CD000FFFFFFFE000000038000700E00000007C1
:105CE000000038060000000C000018060000001C30
:105CF00000000C0600000018000006000000003044
:105D00000000060000000030000006000000003027
:105D10000000060000000030000006000000003017
:105D200000000E000000003000000E00000000180F
:105D300000001C000000001C00003C000000001ED1
:105D40000000F8000000000FE007F000000000076E
:105D5000FFFFE00000000003FFFFC00000000000A4
:105D6000FFFF0000000000001FF80000000000001E
:105D70000000000000000000000000000000000023
:105D80000000000000000000000000000000000013
:105D90000000000000000000000000000000000003
:105DA0000FFC0000000000007FFF800000000001E9
:105DB000FFFFC00000000003FFFFF000000000072D
:105DC000F001F8000000000F800078000000001EC5
:105DD00000001C000000001C00000C000000001867
:105DE00000000E0000000038000006000000003037
:105DF0000000060000000030000006000000003037
:105E00000000060000000030000006000000003026
:105E100000000C000000001800000C060000001C30
:105E2000000018060000000E000038060000000701
:105E30000000700600000007FFFFFFFE0000000FDB
:105E4000FFFFFFFE0000003FFFFFFFFE0000003FDE
:105E5000FFFFFFFE000000000000000E0000000039
:105E60000000000600000000000000060000000026
:105E7000000000060000000000000000000000001C
:105E80000000000000000000000000000000000012
:105E9000000000000000003000000600000000309C
:105EA0000000060000000030000006000000003086
:105EB0000000060000000030000006000000003076
:105EC000000006000000003800000E000000003F47
:105ED000FFFFFE000000007FFFFFFE000000007FCC
:105EE000FFFFFE000000007FFFFFFE00000000003B
:105EF00038000E0000000000E00006000000000175
:105F000080000600000000030000060000000006FC
:105F1000000006000000000C000006000000001C4D
:105F2000000006000000001800000600000000301D
:105F30000000000000000030000000000000003001
:105F40000000000000000030000000000000003FE2
:105F5000000000000000003F800000000000001F63
:105F6000800000000000000F0000000000000000A2
:105F70000000000000000000000000000000000021
:105F80000000000000000000000000000000000011
:105F90000000000000000000000000000000000001
:105FA00000000000000000000000000000000000F1
:105FB0000007F00000000001F007FE0000000007ED
:105FC000FC00FC000000000FFE003C000000000F81
:105FD000FE001C000000001E1F000C000000001846
:105FE0000F000C00000000380780060000000030A1
:105FF0000780060000000030078006000000003027
:1060000003C006000000003003C00600000000309E
:1060100003E006000000003001E006000000003848
:1060200001F006000000001800F00E000000001C47
:1060300000F80C000000001E007C3C000000001F67
:10604000007FF8000000003FE03FF8000000000380
:10605000E01FF000000000000007C000000000008A
:106060000000000000000000000000000000000030
:106070000000000000000000000000000000000020
:106080000000000000000000000000000000000010
:106090000000000000000000000000000000000000
:1060A0000000000000000030000000000000003090
:1060B0000000000000000030000000000000003080
:1060C0000000000000000030000000000000007030
:1060D000000000000000007000000000000000F060
:1060E00000000000000001FFFFFFC00000000FFFE4
:1060F000FFFFF0000000FFFFFFFFF8000000FFFFC0
:10610000FFFFFC000000003000001E000000003017
:1061100000000E000000003000000600000000300B
:106120000000060000000030000006000000003003
:1061300000000600000000300000040000000030F5
:1061400000000C00000000300000180000000000FB
:106150000000E000000000000001800000000000DE
:10616000000000000000000000000000000000002F
:10617000000000000000000000000000000000001F
:1061800000000000000000000000000000000030DF
:10619000000000000000003000000000000000309F
:1061A0000000000000000038000000000000003F78
:1061B000FFFFC0000000007FFFFFF0000000007F35
:1061C000FFFFF800000000FFFFFFFC0000000000E0
:1061D00000003C000000000000000E000000000075
:1061E00000000E000000000000000600000000009B
:1061F0000000060000000000000006000000000093
:106200000000060000000000000004000000000084
:1062100000000C000000003000000C000000003006
:1062200000001800000000300000300000000038BE
:106230000000E0000000003FFFFFFE000000007FC4
:10624000FFFFFC000000007FFFFFFC00000000FFDC
:10625000FFFFFC000000000000003800000000000C
:1062600000001800000000000000180000000000FE
:106270000000180000000000000000000000000006
:10628000000000000000000000000000000000000E
:10629000000000000000003000000000000000309E
:1062A0000000000000000030000000000000003886
:1062B000000000000000003F000000000000003F60
:1062C000E00000000000003FFC0000000000003F74
:1062D000FF000000000000307FE000000000003000
:1062E0001FFC00000000003003FF800000000000E1
:1062F000007FF00000000000000FFE000000000022
:106300000001FE00000000000000FC000000000092
:106310000007E00000000000003F00000000000057
:1063200000F800000000003007E00000000000302E
:106330003F00000000000038F80000000000003FAF
:10634000C00000000000003F000000000000003C12
:1063500000000000000000380000000000000030D5
:1063600000000000000000300000000000000000FD
:10637000000000000000000000000000000000001D
:1063800000000000000000300000000000000030AD
:106390000000000000000038000000000000003F86
:1063A000000000000000003FF00000000000003F7F
:1063B000FF0000000000003FFFF000000000003080
:1063C0003FFF00000000003003FFF000000000006D
:1063D000007FFE00000000000007FE00000000300B
:1063E000000FF80000000030007F8000000000383F
:1063F00007FC00000000003C3FC000000000003F20
:10640000FC0000000000003FFE0000000000003F14
:10641000FFE00000000000307FFE000000000030C0
:1064200007FFE00000000000007FFE000000000009
:106430000007FE00000000000007F8000000003028
:10644000007F80000000003003F8000000000030F2
:106450003F8000000000003BF80000000000003F0B
:10646000800000000000003C000000000000003838
:1064700000000000000000300000000000000030BC
:10648000000000000000000000000000000000000C
:1064900000000000000000000000060000000000F6
:1064A0000000060000000030000006000000003080
:1064B00000000E000000003000000E000000003858
:1064C00000003E000000003E00007E000000003F93
:1064D0000001EE000000003FC00386000000003F06
:1064E000F00F060000000031F81C00000000003032
:1064F000FE780000000000003FE000000000000007
:106500000FC000000000000007F0000000000000C5
:106510000FF80000000000303C7E06000000003054
:10652000703F060000000031E00FC600000000339D
:106530008003FE000000003F0001FE000000003C60
:1065400000007E000000003800003E000000003027
:1065500000000E000000003000000E0000000030BF
:10656000000006000000000000000600000000001F
:10657000000000000000000000000000000000001B
:10658000000000000000000000000000000000000B
:1065900000000000000000000000000000000030CB
:1065A000000000000000003000000000000000308B
:1065B0000000001C000000380000003E0000003E0B
:1065C0000000003E0000003FC000003E0000003F11
:1065D000F000001E0000003FFE00000E0000003032
:1065E0007F80000C000000301FF0001C0000003015
:1065F00003FE007800000000007F81E00000000042
:10660000000FFFC0000000000003FE0000000000BB
:106610000003F00000000000001F800000000030B8
:1066200000FC00000000003007F000000000003017
:106630003F80000000000039FC0000000000003F27
:10664000E00000000000003F000000000000003CEF
:1066500000000000000000380000000000000030D2
:1066600000000000000000300000000000000030CA
:10667000000000000000000000000000000000001A
:10668000000000000000000000000000000000000A
:1066900000000000000000000000000000000000FA
:1066A0000000000000000001E0000E000000003FBC
:1066B000E0001E000000003F00007E000000003CE3
:1066C0000000FE00000000380001FE00000000385D
:1066D0000007E60000000030000FC6000000003098
:1066E000003F060000000030007E06000000003081
:1066F00001F806000000003003F006000000003042
:1067000007C00600000000301F80060000000030B7
:106710003E00060000000030FC00060000000031D2
:10672000F800060000000037E0000E000000003F07
:10673000C0000E000000003F00001E000000003EF0
:1067400000003E00000000380000FE0000000030A5
:10675000000FFC0000000000000E00000000000020
:106760000000000000000000000000000000000029
:106770000000000000000000000000000000000019
:106780000000000000000000000000000000000009
:1067900000000000000000000000000000000000F9
:1067A00000000000000000000000000000000000E9
:1067B00000000000000000000000000000000000D9
:1067C00000000000000000000000000000000000C9
:1067D00000000000000000000000000000000000B9
:1067E00000000000000000000000000000000001A8
:1067F0008000000000000001800000000000000395
:106800008000000000000003C0000000000000063F
:10681000600000000000000E70000000007FFFFC20
:106820003FFFFE0001FFFFF00FFFFF80038000002D
:10683000000003C007000000000000E00E000000A0
:10684000000000700C000000000000300C00000090
:10685000000000300C0000000000003000000000CC
:106860000000000000000000000000000000000028
:106870000000000000000000000000000000000018
:106880000000000000000000000000000000000008
:1068900000000000000000000000000000000000F8
:1068A00000000000000000000000000000000000E8
:1068B00000000000000000000000000000000000D8
:1068C00000000000000000000000000000000000C8
:1068D00000000000000000000000000000000000B8
:1068E00000000000000000000000000000000000A8
:1068F000000000000000000000000000FFFFFFFF9C
:10690000FFFFFFFFFFFFFFFFFFFFFFFF0000000093
:106910000000000000000000000000000000000077
:106920000000000000000000000000000000000067
:106930000000000000000000000000000000000057
:106940000000000000000000000000000000000047
:106950000000000000000000000000000000000037
:106960000000000000000000000000000000000027
:106970000000000000000000000000000000000017
:106980000000000000000000000000000000000007
:1069900000000000000000000000000000000000F7
:1069A0000000000000000000000000000C000000DB
:1069B000000000300C000000000000300C0000005F
:1069C000000000300E000000000000700600000013
:1069D000000000E003800000000001C001FFFFF0A4
:1069E0000FFFFF80007FFFFC3FFFFE000000000E56
:1069F0007800000000000006E00000000000000237
:106A0000C000000000000003800000000000000142
:106A10008000000000000001800000000000000075
:106A20000000000000000000000000000000000066
:106A30000000000000000000000000000000000056
:106A40000000000000000000000000000000000046
:106A50000000000000000000000000000000000036
:106A60000000000000000000000000000000000026
:106A70000000000000000000000000000000000016
:106A80000000000000000000000000000000000006
:106A900000000000000000000000000000C0000036
:106AA0000000000007800000000000001C00000043
:106AB000000000003800000000000000300000006E
:106AC0000000000060000000000000006000000006
:106AD00000000000600000000000000070000000E6
:106AE0000000000078000000000000003C000000F2
:106AF000000000001E000000000000001F00000059
:106B000000000000078000000000000003C000003B
:106B10000000000001E000000000000000F00000A4
:106B200000000000007000000000000000380000BD
:106B30000000000000180000000000000018000025
:106B400000000000001800000000000000300000FD
:106B500000000000002000000000000000C0000055
:106B60000000000007800000000000000C00000092
:106B70000000000000000000000000000000000015
:106B800000000000000000000000000001020304FB
:106B90000607080900000000010203045561727431
:106BA0005278517565756500486D695461736B0065
:106BB0004D6F746F725461736B00000064656661A1
:106BC000756C745461736B00556172745461736BAE
:106BD00000000000F46B0108000000209C0200008F
:106BE000C4010008E86C01089C0200207C8A0000B7
:106BF0002002000801620316FFFF237A4443C040CD
:106C000045CDCC4C3E55A69BC43B24401C4623C8D6
:106C1000431AFA244BC8422CBA402C91392C1A340E
:106C20002C292415C8429C0202442013D171140857
:106C300019721B0829041A55041A95041A9D141A6E
:106C4000E104131201140202021640830440572685
:106C50000201020301071A040309041A03130D07B2
:106C60001B08090413C5061B0831081A61044132C8
:106C700010193F215324F4130A062A02D6291413AB
:106C8000DD6C1408D96A4C08276F2C13AD6B1408FF
:106C9000D1691B088F14C11A51281A0D041A9904BE
:106CA0001AFD241C09024397111DC03209045D1A04
:106CB000020B1305241610010524011009010424F8
:106CC0000202052406170107058203081C100904A7
:106CD000CD320A2E0705010240072A81070476817A
:086CE00001821AAA01810000E3
:040000050800018965
:00000001FF
